date,tavg,tmin,tmax,prcp,snow,wdir,wspd,wpgt,pres,tsun
2022-01-01 00:00:00,25.7,14.8,35,,,,17.4,,1007.7,
2022-01-02 00:00:00,11.6,4,18.9,,,,19.1,,1025.4,
2022-01-03 00:00:00,7.8,0,15,,,,8.6,,1030.4,
2022-01-04 00:00:00,12.4,3,22,,,,7.7,,1021.1,
2022-01-05 00:00:00,18.1,6.4,30,,,,10.6,,1014.2,
2022-01-06 00:00:00,18.6,8.8,30,,,,11.2,,1014.8,
2022-01-07 00:00:00,11.9,10,14.1,,,,8.9,,1019.4,
2022-01-08 00:00:00,16.1,8.6,24,,,,7.6,,1016.4,
2022-01-09 00:00:00,18,10.1,26,,,,11.9,,1022.2,
2022-01-10 00:00:00,12,10,14.6,,,,13.3,,1033.9,
2022-01-11 00:00:00,10.8,6.9,15,,,,8,,1032.1,
2022-01-12 00:00:00,11,5.3,17,,,,6.4,,1026.7,
2022-01-13 00:00:00,15.6,5.5,27,,,,6.6,,1023.2,
2022-01-14 00:00:00,17.1,6.9,28,,,,10,,1015.1,
2022-01-15 00:00:00,14.3,10,18,,,,21,,1020.9,
2022-01-16 00:00:00,10.7,2,20,,,,6.8,,1023.4,
2022-01-17 00:00:00,13.9,3,25,,,,10.2,,1019.7,
2022-01-18 00:00:00,15.9,6,27,,,,9.5,,1015.6,
2022-01-19 00:00:00,20.7,9,31,,,,13.9,,1014.2,
2022-01-20 00:00:00,10.1,4,16.7,,,,19.4,,1023.5,
2022-01-21 00:00:00,4.6,1,9,,,,10,,1028,
2022-01-22 00:00:00,5.6,4,7,,,,7.6,,1027.4,
2022-01-23 00:00:00,7.3,5,8.5,,,,7.4,,1023.4,
2022-01-24 00:00:00,10.3,7,14,,,,8,,1014.7,
2022-01-25 00:00:00,15.1,7,24,,,,8,,1016.5,
2022-01-26 00:00:00,11.8,10,13,,,,8.4,,1022.2,
2022-01-27 00:00:00,12.6,11.5,13,,,,7.8,,1022.6,
2022-01-28 00:00:00,10.1,8,14.5,,,,12.4,,1030.1,
2022-01-29 00:00:00,10.3,6,16,,,,8.9,,1029.6,
2022-01-30 00:00:00,12.6,4,21,,,,8.3,,1020.5,
2022-01-31 00:00:00,17.8,8.8,28,,,,11,,1013.4,
2022-02-01 00:00:00,17.2,8,27,,,,8.5,,1011.1,
2022-02-02 00:00:00,18.3,13.1,24,,,,11.2,,1007.5,
2022-02-03 00:00:00,7.7,3,18.3,,,,19.1,,1018.8,
2022-02-04 00:00:00,5,0,10,,,,16.3,,1034.4,
2022-02-05 00:00:00,5.9,1,12,,,,8.9,,1032.5,
2022-02-06 00:00:00,9.5,1,17,,,,7.7,,1021.8,
2022-02-07 00:00:00,11.1,9,14,,,,12.4,,1028,
2022-02-08 00:00:00,11.3,3.4,19,,,,8.7,,1026,
2022-02-09 00:00:00,12.9,3,22,,,,8.8,,1020.6,
2022-02-10 00:00:00,14.3,8.9,21,,,,7.7,,1019,
2022-02-11 00:00:00,16.4,11,24,,,,6.7,,1016.5,
2022-02-12 00:00:00,15.3,10,21,,,,20.2,,1022.3,
2022-02-13 00:00:00,9.9,3,16,,,,7.3,,1032.7,
2022-02-14 00:00:00,12,3,21,,,,9.5,,1026.4,
2022-02-15 00:00:00,15,5,24,,,,13.2,,1020.3,
2022-02-16 00:00:00,19.4,8,29,,,,15.9,,1011.6,
2022-02-17 00:00:00,21.5,13.7,28,,,,18.3,,1014.4,
2022-02-18 00:00:00,13.5,7,19,,,,12.8,,1025.5,
2022-02-19 00:00:00,12.9,7,19,,,,9.9,,1027.2,
2022-02-20 00:00:00,16.1,8.9,24,,,,9,,1020.9,
2022-02-21 00:00:00,21.6,13.9,31,,,,10.3,,1013.9,
2022-02-22 00:00:00,25.8,14,35,,,,12.2,,1012.7,
2022-02-23 00:00:00,17.2,10,24,,,,14.5,,1017.1,
2022-02-24 00:00:00,12.3,7,19,,,,9.2,,1018.7,
2022-02-25 00:00:00,11.1,7,14.4,,,,11.4,,1025.5,
2022-02-26 00:00:00,7.8,6,9,,,,10.7,,1025.1,
2022-02-27 00:00:00,11.6,6,19,,,,12.1,,1028.3,
2022-02-28 00:00:00,12.6,2,21,,,,9.9,,1026.8,
2022-03-01 00:00:00,14.4,5,22,,,,11.8,,1022.5,
2022-03-02 00:00:00,15.8,9,21,,,,10.7,,1021,
2022-03-03 00:00:00,18.5,14.4,22,,,,10.3,,1020.2,
2022-03-04 00:00:00,20.4,17,27,,,,13.1,,1017.7,
2022-03-05 00:00:00,22.4,16.8,30,,,,12.5,,1013.4,
2022-03-06 00:00:00,23.9,18,32,,,,10.1,,1011.9,
2022-03-07 00:00:00,18.2,10,22,,,,21.2,,1016.8,
2022-03-08 00:00:00,14.8,7,22,,,,9.7,,1015.2,
2022-03-09 00:00:00,13.8,6,20,,,,10.6,,1015.8,
2022-03-10 00:00:00,15.6,5.8,25,,,,12,,1012.8,
2022-03-11 00:00:00,18.1,11,30,,,,21.2,,1014.2,
2022-03-12 00:00:00,10.7,6,16,,,,16.2,,1030.9,
2022-03-13 00:00:00,11.8,4,20,,,,13,,1023.1,
2022-03-14 00:00:00,18.9,8,29,,,,9,,1017.7,
2022-03-15 00:00:00,21.4,13,28.6,,,,10.2,,1022.6,
2022-03-16 00:00:00,20,9.9,29,,,,15.3,,1015.6,
2022-03-17 00:00:00,25.6,11,36,,,,17.7,,1007.4,
2022-03-18 00:00:00,20.4,13.8,26,,,,15.4,,1016.9,
2022-03-19 00:00:00,18.1,10.2,24,,,,13.4,,1022,
2022-03-20 00:00:00,18.9,10,27,,,,15.2,,1018.3,
2022-03-21 00:00:00,25.3,17,35,,,,14.5,,1005.7,
2022-03-22 00:00:00,22,13.9,30,,,,22.4,,1011.1,
2022-03-23 00:00:00,16.2,9.4,22,,,,9.9,,1019.3,
2022-03-24 00:00:00,17.6,6.7,27,,,,13,,1020.4,
2022-03-25 00:00:00,20.8,8,32,,,,11.8,,1019.3,
2022-03-26 00:00:00,21.8,10.2,32,,,,11.4,,1017.8,
2022-03-27 00:00:00,21.6,13.1,30,,,,13.4,,1015.3,
2022-03-28 00:00:00,22.2,13,31,,,,13.1,,1014.1,
2022-03-29 00:00:00,24.3,16,34,,,,13.2,,1006.6,
2022-03-30 00:00:00,26.7,16.9,35,,,,19.8,,1004.8,
2022-03-31 00:00:00,22.9,12.3,31,,,,9.9,,1010.6,
2022-04-01 00:00:00,21.9,15.9,28,,,,12.5,,1012.6,
2022-04-02 00:00:00,24.3,19.8,32.4,,,,10.3,,1014.6,
2022-04-03 00:00:00,23.1,18,28,,,,10.4,,1013,
2022-04-04 00:00:00,24.6,20,32,,,,12.1,,1006.1,
2022-04-05 00:00:00,28.3,19,38,,,,13.1,,1005.3,
2022-04-06 00:00:00,26.8,15.2,37,,,,19,,1009.8,
2022-04-07 00:00:00,20.5,13.5,26,,,,10.6,,1022.4,
2022-04-08 00:00:00,20.1,10.9,28,,,,12.1,,1022.2,
2022-04-09 00:00:00,21.6,13,30,,,,11.9,,1017.5,
2022-04-10 00:00:00,26.5,16,37,,,,13,,1008.4,
2022-04-11 00:00:00,28.7,17,37,,,,17.2,,1007.9,
2022-04-12 00:00:00,26.3,19.4,36,,,,14.6,,1007.4,
2022-04-13 00:00:00,29.6,18,39,,,,16.6,,1007.4,
2022-04-14 00:00:00,25.5,19.5,32.9,,,,14.6,,1012.4,
2022-04-15 00:00:00,25.5,21,31,,,,11.1,,1011.7,
2022-04-16 00:00:00,27.8,20,35,,,,10.4,,1011.3,
2022-04-17 00:00:00,27.7,22,36,,,,9.7,,1011.3,
2022-04-18 00:00:00,26.7,23,30,,,,13.7,,1016.8,
2022-04-19 00:00:00,23.9,20,28,,,,16.7,,1015.9,
2022-04-20 00:00:00,23.6,20,28,,,,11.8,,1012.8,
2022-04-21 00:00:00,25.4,21.8,31,,,,14.3,,1015.3,
2022-04-22 00:00:00,26.1,22,33,,,,19.4,,1015.9,
2022-04-23 00:00:00,26,21,33,,,,18,,1011.1,
2022-04-24 00:00:00,26.3,21,33,,,,15.3,,1008.5,
2022-04-25 00:00:00,24.9,20,29,,,,12.4,,1013.4,
2022-04-26 00:00:00,20.8,18,24,,,,14.3,,1022.5,
2022-04-27 00:00:00,22,17.6,28,,,,11.4,,1020,
2022-04-28 00:00:00,24.2,19,32,,,,11.5,,1013.8,
2022-04-29 00:00:00,25.5,21,33,,,,13.2,,1009,
2022-04-30 00:00:00,26.2,22,32,,,,12.7,,1009.6,
2022-05-01 00:00:00,25.7,21,33,,,,14.9,,1011.1,
2022-05-02 00:00:00,28.2,23,35,,,,13.5,,1009.5,
2022-05-03 00:00:00,27.3,21.7,34,,,,15,,1010.4,
2022-05-04 00:00:00,27.5,24,34,,,,15.1,,1009.4,
2022-05-05 00:00:00,29.1,24,37,,,,11.2,,1010,
2022-05-06 00:00:00,29.2,24,36,,,,11.4,,1012.1,
2022-05-07 00:00:00,30.5,21,40,,,,13.4,,1008.8,
2022-05-08 00:00:00,30.4,23,40,,,,15,,1005.4,
2022-05-09 00:00:00,29.4,23.6,36,,,,14.5,,1007.5,
2022-05-10 00:00:00,27.6,24,31,,,,15.2,,1013.7,
2022-05-11 00:00:00,27.5,24,34,,,,18.7,,1017.1,
2022-05-12 00:00:00,27.9,21,35.8,,,,15.1,,1014.1,
2022-05-13 00:00:00,27.8,23,36,,,,13,,1012.3,
2022-05-14 00:00:00,27.3,22,35,,,,12.4,,1013.6,
2022-05-15 00:00:00,28.6,20,37,,,,11.8,,1014,
2022-05-16 00:00:00,28.9,20,38,,,,12.6,,1013.8,
2022-05-17 00:00:00,28.8,20,38,,,,17.1,,1012.9,
2022-05-18 00:00:00,28.2,21,36,,,,13.5,,1011.8,
2022-05-19 00:00:00,28.8,22,38,,,,13.4,,1007.6,
2022-05-20 00:00:00,32.7,22,43,,,,16.9,,1003.4,
2022-05-21 00:00:00,30.2,22.6,40,,,,12.2,,1008.4,
2022-05-22 00:00:00,26.6,24,32,,,,12.1,,1016.3,
2022-05-23 00:00:00,23.4,21,26,,,,13.1,,1014.1,
2022-05-24 00:00:00,22.8,19,31.9,,,,13.3,,1008.1,
2022-05-25 00:00:00,23.6,21,27,0.8,,,8.9,,1011.8,
2022-05-26 00:00:00,28.1,23,34,,,,11.4,,1015.3,
2022-05-27 00:00:00,27.9,21.3,35,,,,12,,1016.4,
2022-05-28 00:00:00,29.1,23,37,0,,,14,,1012.3,
2022-05-29 00:00:00,28.9,22,37,0,,,15.2,,1006.7,
2022-05-30 00:00:00,28.6,23,36,0.3,,,17.4,,1006.1,
2022-05-31 00:00:00,29,24,36,0.1,,,19.6,,1009.3,
2022-06-01 00:00:00,28.5,24,36,0.2,,,20.3,,1011.5,
2022-06-02 00:00:00,27.9,23,34,0.1,,,17.9,,1012.9,
2022-06-03 00:00:00,27.2,22,32,0,,,11.3,,1012.8,
2022-06-04 00:00:00,29.3,21,36,0,,,11.3,,1011.5,
2022-06-05 00:00:00,31.1,22,41,0,,,11.7,,1007.6,
2022-06-06 00:00:00,32.1,23,42,0,,,12.6,,1006.3,
2022-06-07 00:00:00,31.2,23,41,0,,,16.7,,1008.4,
2022-06-08 00:00:00,29.8,24,37,0.1,,,17.7,,1011.4,
2022-06-09 00:00:00,28.7,25,36,0.6,,,20,,1014.3,
2022-06-10 00:00:00,29.9,24,37,0,,,12.8,,1012.9,
2022-06-11 00:00:00,30.8,23,38,0,,,13.4,,1011.1,
2022-06-12 00:00:00,31.4,25,39,0,,,18.4,,1010.6,
2022-06-13 00:00:00,29.9,24,36,0,,,20.4,,1011.9,
2022-06-14 00:00:00,28.9,23.2,36,0,,,19.5,,1012.3,
2022-06-15 00:00:00,29.1,23.6,36,0,,,22.4,,1013.6,
2022-06-16 00:00:00,29.2,23,37,0,,,18.6,,1016.1,
2022-06-17 00:00:00,28,22,36,0,,,13.2,,1016.1,
2022-06-18 00:00:00,26.6,22.7,35,0.6,,,13.6,,1015.5,
2022-06-19 00:00:00,28,22,36,0,,,13.6,,1015.7,
2022-06-20 00:00:00,28.9,23,35,0,,,15.3,,1016.9,
2022-06-21 00:00:00,27.9,23,35,1.1,,,14.6,,1018.4,
2022-06-22 00:00:00,27.5,22,34,0.2,,,13.6,,1018.6,
2022-06-23 00:00:00,28.3,21,36,0,,,12.6,,1016.1,
2022-06-24 00:00:00,29,21.7,37,0,,,13.1,,1013.6,
2022-06-25 00:00:00,28.4,22,36,0,,,14.8,,1014.5,
2022-06-26 00:00:00,28.6,22.8,35,0,,,13.2,,1017.3,
2022-06-27 00:00:00,28.6,22.5,35,1.4,,,10.5,,1018.8,
2022-06-28 00:00:00,28,22.4,34,15.3,,,12.1,,1019.3,
2022-06-29 00:00:00,25.6,21,31,2.5,,,10,,1020,
2022-06-30 00:00:00,28.1,22,35,0,,,9.3,,1017,
2022-07-01 00:00:00,29.2,22.5,36,0,,,9.4,,1013.8,
2022-07-02 00:00:00,27.5,23.3,33,0.2,,,10.4,,1013.4,
2022-07-03 00:00:00,28.4,23.7,36,0,,,12,,1014.9,
2022-07-04 00:00:00,29.1,23,36,0,,,13.6,,1015.6,
2022-07-05 00:00:00,29.4,22,37,0,,,14.9,,1014.8,
2022-07-06 00:00:00,29.4,22,36.9,0,,,13.3,,1013.9,
2022-07-07 00:00:00,29.7,23,37,0,,,12.9,,1014.4,
2022-07-08 00:00:00,29.8,23.7,37,0,,,12.7,,1016.5,
2022-07-09 00:00:00,30.8,23.7,37.7,0,,,10.1,,1017.6,
2022-07-10 00:00:00,31,23.5,38,0,,,8.8,,1015.7,
2022-07-11 00:00:00,31.5,23.4,40,0,,,10.5,,1012.1,
2022-07-12 00:00:00,30.8,23.6,38,0,,,12.9,,1012,
2022-07-13 00:00:00,29.6,23.7,36,0,,,11.1,,1014.9,
2022-07-14 00:00:00,28.8,23.6,36,0.3,,,11.4,,1016.4,
2022-07-15 00:00:00,29,22,35,0,,,10.2,,1017.1,
2022-07-16 00:00:00,28.8,23,36,0,,,12.2,,1015.5,
2022-07-17 00:00:00,29.2,22.4,38,0,,,13.9,,1014.6,
2022-07-18 00:00:00,29.8,22.9,38,0,,,13.1,,1015,
2022-07-19 00:00:00,30.1,23,37,0,,,11.9,,1014,
2022-07-20 00:00:00,31.1,24.1,39,0,,,11.9,,1012.3,
2022-07-21 00:00:00,30.4,24.5,38,0,,,12.6,,1012.4,
2022-07-22 00:00:00,29.6,23.8,37,0,,,14.5,,1014.3,
2022-07-23 00:00:00,29.6,23.5,38,0,,,13.4,,1015,
2022-07-24 00:00:00,29.9,23.8,38,0,,,14.5,,1015.2,
2022-07-25 00:00:00,28.4,23,34.8,0.2,,,13.4,,1015.2,
2022-07-26 00:00:00,29.7,23.6,37,0,,,12.9,,1015.3,
2022-07-27 00:00:00,28.8,23.6,36,0,,,13,,1014.8,
2022-07-28 00:00:00,28.9,23.5,36,0,,,10.2,,1014.6,
2022-07-29 00:00:00,29.2,23.3,37,0,,,14.3,,1015.4,
2022-07-30 00:00:00,29,23,36,0,,,14.5,,1017.8,
2022-07-31 00:00:00,28.2,22.8,36,0,,,12,,1018.5,
2022-08-01 00:00:00,28.8,22.5,36,0,,,10.2,,1017.3,
2022-08-02 00:00:00,29.8,23.5,37,0,,,12.3,,1015.5,
2022-08-03 00:00:00,30.8,23.5,39,0,,,13,,1012.3,
2022-08-04 00:00:00,30,23.7,38,0,,,13.1,,1012.5,
2022-08-05 00:00:00,29.5,23.5,37,0,,,13.1,,1014.3,
2022-08-06 00:00:00,29.1,22.9,37,0,,,13.7,,1015.6,
2022-08-07 00:00:00,28.9,23,36,0.3,,,15.1,,1016.9,
2022-08-08 00:00:00,28.4,23,35,0.2,,,11.8,,1017,
2022-08-09 00:00:00,29,22.6,36,0.1,,,11.8,,1016.4,
2022-08-10 00:00:00,29.8,23.2,37,0,,,10,,1017.4,
2022-08-11 00:00:00,30.2,22,37,0,,,9.9,,1016.4,
2022-08-12 00:00:00,27.3,22,35,9.5,,,8,,1016.5,
2022-08-13 00:00:00,26.7,22,34,3.2,,,9,,1016,
2022-08-14 00:00:00,26.2,22.4,33,34,,,8.9,,1013.9,
2022-08-15 00:00:00,26.2,22.5,33,5.8,,,10.5,,1012.2,
2022-08-16 00:00:00,27.6,23.6,34,0.4,,,12.1,,1012.9,
2022-08-17 00:00:00,28.5,23.3,35,0.1,,,10.6,,1015,
2022-08-18 00:00:00,29.5,23.7,36,0,,,10.5,,1014,
2022-08-19 00:00:00,29.4,23.5,36,0,,,12.3,,1012.7,
2022-08-20 00:00:00,28.9,22.9,36,0,,,10,,1014.4,
2022-08-21 00:00:00,29.3,24,35,0.2,,,9.2,,1014.9,
2022-08-22 00:00:00,30,24.2,37,0,,,8.4,,1013,
2022-08-23 00:00:00,29,23.9,34,3.1,,,9.8,,1012.3,
2022-08-24 00:00:00,28.8,23.5,35,0.2,,,8.8,,1013.6,
2022-08-25 00:00:00,27.8,24,34,1.8,,,8.3,,1015.7,
2022-08-26 00:00:00,25.9,23.4,32,17.8,,,8.1,,1015.7,
2022-08-27 00:00:00,27.7,23,33,1.7,,,8.7,,1012.5,
2022-08-28 00:00:00,28.4,23,34.5,0.1,,,8.6,,1010.1,
2022-08-29 00:00:00,28.7,23.6,36,1.6,,,7.9,,1011.6,
2022-08-30 00:00:00,27.8,23.8,34,1.2,,,10.1,,1014.2,
2022-08-31 00:00:00,25.9,23,32,1.3,,,7.9,,1016,
2022-09-01 00:00:00,26.3,21,32.4,0.1,,,7.8,,1015.2,
2022-09-02 00:00:00,26.7,23.2,32,0,,,8.8,,1014.5,
2022-09-03 00:00:00,25.8,23,31,9.8,,,7.8,,1016.4,
2022-09-04 00:00:00,24.2,21,28,16.8,,,8.4,,1016,
2022-09-05 00:00:00,22.8,20,26.4,19.9,,,8.1,,1015.7,
2022-09-06 00:00:00,23.6,21,27,18.5,,,7,,1018.4,
2022-09-07 00:00:00,25.2,21,31,3.6,,,7.9,,1017.7,
2022-09-08 00:00:00,26.5,21,32.9,0,,,8,,1012.9,
2022-09-09 00:00:00,26.8,21.2,33.3,0.4,,,7.8,,1008.8,
2022-09-10 00:00:00,26.2,21.6,32,2.1,,,7.5,,1013.1,
2022-09-11 00:00:00,26.7,21.8,32,0,,,6.9,,1019.1,
2022-09-12 00:00:00,26.1,20.2,32.9,0.6,,,6.8,,1017.8,
2022-09-13 00:00:00,26,21.1,31,0,,,7.4,,1014.8,
2022-09-14 00:00:00,25.6,21.2,31,0.1,,,7.9,,1015.3,
2022-09-15 00:00:00,25,21.6,30,0.6,,,7.7,,1017,
2022-09-16 00:00:00,25.4,21,30,0.3,,,7,,1016.4,
2022-09-17 00:00:00,26.3,21,32,0.2,,,9.3,,1015.4,
2022-09-18 00:00:00,26.1,22,31,1.6,,,8.6,,1015,
2022-09-19 00:00:00,26.5,22.6,32,1.1,,,9.4,,1015.7,
2022-09-20 00:00:00,25.9,21.6,32,0.3,,,7.9,,1016.9,
2022-09-21 00:00:00,25.8,21.6,31,0,,,7.3,,1016.7,
2022-09-22 00:00:00,26,21,32,0,,,7.1,,1016.8,
2022-09-23 00:00:00,25.8,19.9,32,0,,,7.2,,1016.9,
2022-09-24 00:00:00,26.2,20.9,32,0,,,7.1,,1016.4,
2022-09-25 00:00:00,25.1,21,31,14.5,,,7.8,,1015.3,
2022-09-26 00:00:00,22.1,20,29,11.8,,,9,,1018.2,
2022-09-27 00:00:00,23.6,19,28,0.2,,,8.3,,1020.2,
2022-09-28 00:00:00,22.9,19,28,0,,,6.6,,1023.2,
2022-09-29 00:00:00,21.9,16,29.4,0,,,6.3,,1022.9,
2022-09-30 00:00:00,22.5,14.4,29,0,,,7.2,,1017.6,
2022-10-01 00:00:00,22.1,15.4,29,0,,,7.5,,1016.1,
2022-10-02 00:00:00,22.3,17.2,28,0,,,5.4,,1019.6,
2022-10-03 00:00:00,22.1,18,27.2,0.1,,,6,,1020.5,
2022-10-04 00:00:00,21.8,18.1,25,3.2,,,6.4,,1018.7,
2022-10-05 00:00:00,22.8,18.4,28,0,,,6.3,,1018.5,
2022-10-06 00:00:00,21.3,18,25,6,,,6.9,,1020.7,
2022-10-07 00:00:00,20.5,17,25,14.2,,,7.5,,1022.6,
2022-10-08 00:00:00,20.4,17.9,23,0.7,,,6.5,,1024.3,
2022-10-09 00:00:00,21.8,16.9,28,0.1,,,7.4,,1022.8,
2022-10-10 00:00:00,21.5,17.7,25,0.1,,,6.8,,1020.6,
2022-10-11 00:00:00,22.1,18,26,0.2,,,6.9,,1018.1,
2022-10-12 00:00:00,25,18,34,0,,,7.4,,1015.6,
2022-10-13 00:00:00,26,19,33,0,,,7.7,,1014.9,
2022-10-14 00:00:00,24.8,17.9,31,0,,,8.5,,1014.7,
2022-10-15 00:00:00,25.2,21.4,30,0,,,8.3,,1015,
2022-10-16 00:00:00,25.3,20.9,30,0.3,,,8.5,,1013.2,
2022-10-17 00:00:00,23.9,19,30,9.2,,,12,,1014.6,
2022-10-18 00:00:00,14.7,12,19.7,4.1,,,11,,1023.7,
2022-10-19 00:00:00,16.2,12.8,21,0,,,6.4,,1026.4,
2022-10-20 00:00:00,17.5,9,26,0,,,5.9,,1020.7,
2022-10-21 00:00:00,20.1,10,29,0,,,6.3,,1016.7,
2022-10-22 00:00:00,21.5,12.4,30,0,,,7.7,,1013.2,
2022-10-23 00:00:00,21.6,16.2,27,0.8,,,8.7,,1010.8,
2022-10-24 00:00:00,25.5,18.7,34,0,,,8.5,,1009.1,
2022-10-25 00:00:00,21.4,16.2,26,0,,,9.9,,1017.2,
2022-10-26 00:00:00,19.1,11.5,25,0,,,8.1,,1016.1,
2022-10-27 00:00:00,20.6,16.6,27,0,,,7.2,,1012.8,
2022-10-28 00:00:00,21.7,16.1,27,0,,,12.5,,1016,
2022-10-29 00:00:00,17.7,10,26,0,,,6.5,,1020.8,
2022-10-30 00:00:00,18.4,11.6,25,0,,,6.3,,1016.7,
2022-10-31 00:00:00,17.7,12.9,21,2.7,,,7.1,,1014.9,
2022-11-01 00:00:00,20.3,17.6,23.7,5.7,,,8.8,,1018.8,
2022-11-02 00:00:00,20,16.9,27,2.8,,,6.2,,1021,
2022-11-03 00:00:00,22.5,18.4,27,0.1,,,7.5,,1016,
2022-11-04 00:00:00,25,18.5,32,0,,,9.3,,1010.5,
2022-11-05 00:00:00,21.5,16,27,0,,,8.5,,1014.3,
2022-11-06 00:00:00,20.7,10.9,30,0,,,6.6,,1013.5,
2022-11-07 00:00:00,23.6,16.6,30,0.8,,,8.5,,1018,
2022-11-08 00:00:00,23.5,20.3,29,0.4,,,8,,1020.3,
2022-11-09 00:00:00,22.8,19.6,27,0.9,,,6.8,,1018.2,
2022-11-10 00:00:00,23,19.2,28,0,,,7,,1012,
2022-11-11 00:00:00,23.8,17.6,33,0,,,10.8,,1010,
2022-11-12 00:00:00,14.9,11,18.5,0.2,,,11,,1022.8,
2022-11-13 00:00:00,12.4,6,18,0,,,6.7,,1021,
2022-11-14 00:00:00,17.6,9,28,0,,,8.8,,1014,
2022-11-15 00:00:00,15.2,11.8,19,0,,,10.4,,1023.7,
2022-11-16 00:00:00,10.4,9,13.1,0,,,8.7,,1028,
2022-11-17 00:00:00,9.3,6,11,0,,,7.1,,1029,
2022-11-18 00:00:00,10.3,8,12,3.4,,,6.6,,1023.3,
2022-11-19 00:00:00,9,7,12.3,4.6,,,13.4,,1025.2,
2022-11-20 00:00:00,6.9,6,9.1,0.8,,,9.5,,1028.4,
2022-11-21 00:00:00,8.7,6,11,0.1,,,6.5,,1026.7,
2022-11-22 00:00:00,12.3,9,16,0,,,6.4,,1024.5,
2022-11-23 00:00:00,14.2,11.8,17,0,,,4.5,,1018.2,
2022-11-24 00:00:00,18.3,14.4,26,0,,,7.9,,1012.4,
2022-11-25 00:00:00,15.1,12,18.7,1,,,12.8,,1017.4,
2022-11-26 00:00:00,14.2,10,21,0,,,10.2,,1016.8,
2022-11-27 00:00:00,17.8,7.4,31,0,,,9,,1014.1,
2022-11-28 00:00:00,18,9,25,0,,,6.6,,1013.8,
2022-11-29 00:00:00,21.9,14.6,33,0,,,8.2,,1010.5,
2022-11-30 00:00:00,15,12,18,0.1,,,12.1,,1021.2,
2022-12-01 00:00:00,12.1,10,14.2,0,,,6.6,,1024.1,
2022-12-02 00:00:00,16.1,12,22,0,,,6.8,,1020.7,
2022-12-03 00:00:00,17.7,14.8,20,0.3,,,6.3,,1024.9,
2022-12-04 00:00:00,18.2,16.4,20,4,,,5.8,,1022.3,
2022-12-05 00:00:00,20.5,18,25,0,,,7.7,,1014.7,
2022-12-06 00:00:00,19.9,15,27,0,,,8.8,,1014.5,
2022-12-07 00:00:00,20.4,18,25,2.1,,,6.9,,1019.7,
2022-12-08 00:00:00,20.5,16.5,26,0,,,7.9,,1020.1,
2022-12-09 00:00:00,19.7,16.7,24,0.4,,,8.4,,1018.1,
2022-12-10 00:00:00,20.3,17,26,0.4,,,9.6,,1016.1,
2022-12-11 00:00:00,20.3,15.7,25,0,,,7.4,,1017.1,
2022-12-12 00:00:00,19.3,15,25.5,0,,,7.7,,1012.3,
2022-12-13 00:00:00,21.6,14,31,0,,,10.5,,1006.3,
2022-12-14 00:00:00,17,11,22,0,,,10.2,,1011.7,
2022-12-15 00:00:00,14.8,6,22,0,,,6.2,,1015.8,
2022-12-16 00:00:00,15.9,8,24,0,,,7.4,,1015.6,
2022-12-17 00:00:00,12.2,9,14.6,0,,,11.3,,1021.3,
2022-12-18 00:00:00,8.9,7.3,10.2,0,,,6.8,,1021.5,
2022-12-19 00:00:00,13.7,10.4,20,0,,,8.3,,1018.9,
2022-12-20 00:00:00,15.5,9,24,0,,,7.2,,1024.8,
2022-12-21 00:00:00,11,10,12,0.3,,,8.8,,1021.6,
2022-12-22 00:00:00,15.9,7,27,0,,,10.2,,1016.7,
2022-12-23 00:00:00,1.7,-2,9.6,0,,,12.1,,1034.1,
2022-12-24 00:00:00,1.7,-1.8,7,0,,,7.6,,1033.4,
2022-12-25 00:00:00,4.5,-4,13,0,,,7,,1029.1,
2022-12-26 00:00:00,11.3,1,24,0,,,6.8,,1023.8,
2022-12-27 00:00:00,11.8,3.5,20,0,,,6.6,,1024.3,
2022-12-28 00:00:00,17.2,5,30,0,,,8.7,,1013.4,
2022-12-29 00:00:00,20.4,10.4,28,0,,,14.1,,1013.2,
2022-12-30 00:00:00,17.9,10.6,26,0,,,7.6,,1015.3,
2022-12-31 00:00:00,17.9,9.4,26,0,,,6.5,,1016.1,
2023-01-01 00:00:00,21.3,11.1,33,0,,,9.6,,1012.8,
2023-01-02 00:00:00,21.6,13.7,32,0,,,11.7,,1009.3,
2023-01-03 00:00:00,20.2,13.5,29,0,,,13,,1012.8,
2023-01-04 00:00:00,18.5,9.4,26,0,,,7,,1019.6,
2023-01-05 00:00:00,18,8,27,0,,,6.9,,1023.1,
2023-01-06 00:00:00,18.7,10.5,26,0,,,8.2,,1020.7,
2023-01-07 00:00:00,20.1,12.7,28,0,,,9,,1018.9,
2023-01-08 00:00:00,19.2,14.9,24,0,,,7.9,,1022.9,
2023-01-09 00:00:00,18.1,12.7,23,0.2,,,6,,1022,
2023-01-10 00:00:00,19.7,11.3,30,0,,,8.1,,1019.1,
2023-01-11 00:00:00,21.3,11,32,0,,,9.2,,1014.8,
2023-01-12 00:00:00,18.6,13,24,0,,,16.7,,1023.6,
2023-01-13 00:00:00,12.8,7,20,0,,,6.9,,1029.4,
2023-01-14 00:00:00,12.8,4.8,21,0,,,7.4,,1022.8,
2023-01-15 00:00:00,16.5,6,27,0,,,9.1,,1012.4,
2023-01-16 00:00:00,22.2,10.4,34,0,,,14.4,,1009.2,
2023-01-17 00:00:00,20.2,11.8,29,0,,,7.6,,1007.7,
2023-01-18 00:00:00,20.9,13,27,0,,,13.2,,1009.2,
2023-01-19 00:00:00,16.9,13.4,19,0,,,10,,1018.6,
2023-01-20 00:00:00,17.2,11.9,22,0,,,6.7,,1018.1,
2023-01-21 00:00:00,18.3,13,26,0.4,,,7.7,,1014.4,
2023-01-22 00:00:00,17.6,14,23,0,,,9.2,,1016.3,
2023-01-23 00:00:00,12.3,11,14,0,,,12.1,,1017.1,
2023-01-24 00:00:00,17.8,14,25,0,,,15,,1011.1,
2023-01-25 00:00:00,13.1,5,21,0,,,7,,1021.2,
2023-01-26 00:00:00,10.1,6,13,0,,,9.4,,1026.6,
2023-01-27 00:00:00,10.4,7.8,14,0,,,6.4,,1024.4,
2023-01-28 00:00:00,14.9,7,22,0,,,8.7,,1016.8,
2023-01-29 00:00:00,20.9,13,30,0,,,8.4,,1014.4,
2023-01-30 00:00:00,18.9,11,27,0,,,11,,1016.6,
2023-01-31 00:00:00,9.1,4,15.7,1.4,,,10.7,,1020.8,
2023-02-01 00:00:00,6.5,3,8.6,0.4,,,8.7,,1023.2,
2023-02-02 00:00:00,10,5,18,0,,,7.9,,1024.4,
2023-02-03 00:00:00,11.9,5.7,18.4,0,,,10.3,,1031.7,
2023-02-04 00:00:00,12.1,5,19,0,,,7.3,,1026.6,
2023-02-05 00:00:00,17.3,7,27,0,,,8.1,,1021.7,
2023-02-06 00:00:00,18.7,9.3,28,0,,,11.1,,1015.1,
2023-02-07 00:00:00,20.5,13,29,0,,,12.9,,1011.7,
2023-02-08 00:00:00,17.8,14,21,0.3,,,11.1,,1018,
2023-02-09 00:00:00,17,9.5,23,0,,,7.6,,1019.2,
2023-02-10 00:00:00,13.3,10,17,0.1,,,15.9,,1026.1,
2023-02-11 00:00:00,10.8,3,18,0,,,7.5,,1028.1,
2023-02-12 00:00:00,13.5,4.7,21.3,0,,,9.8,,1021,
2023-02-13 00:00:00,17.3,8,25,0,,,10.8,,1012.6,
2023-02-14 00:00:00,21.8,10,32,0,,,15.7,,1008.1,
2023-02-15 00:00:00,23.5,13,35,0,,,10.2,,1007.5,
2023-02-16 00:00:00,17.1,13,21,0,,,19.5,,1016.4,
2023-02-17 00:00:00,10.5,2,15,0,,,12.6,,1030.3,
2023-02-18 00:00:00,10.5,3.8,17,0,,,7.6,,1027.4,
2023-02-19 00:00:00,16.2,6.8,25,0,,,8.2,,1021.5,
2023-02-20 00:00:00,21.2,12.7,29,0,,,8.4,,1017.4,
2023-02-21 00:00:00,23,14.5,31,0,,,11,,1008.3,
2023-02-22 00:00:00,26.9,15.1,36,0,,,14.3,,1005.1,
2023-02-23 00:00:00,27.3,16.2,35,0,,,13.3,,1012.3,
2023-02-24 00:00:00,24,17.4,30,0,,,10.1,,1017.4,
2023-02-25 00:00:00,23.7,19.4,30,1.1,,,10.2,,1018.6,
2023-02-26 00:00:00,23.5,19.8,29.4,0,,,9.7,,1013.4,
2023-02-27 00:00:00,24.8,17,34,0,,,12.6,,1011,
2023-02-28 00:00:00,26,16.8,35,0,,,9.1,,1009.6,
2023-03-01 00:00:00,28.6,19,39,0,,,9.6,,1006.9,
2023-03-02 00:00:00,28,20,37,0,,,14.8,,1002.3,
2023-03-03 00:00:00,21.4,14.6,28,0,,,13.9,,1009.1,
2023-03-04 00:00:00,20.2,10.7,29,0,,,9.8,,1012.9,
2023-03-05 00:00:00,20.6,13,29,0,,,11.5,,1015.1,
2023-03-06 00:00:00,23.9,17.4,31,0,,,8.9,,1014.7,
2023-03-07 00:00:00,24.9,20.1,31.1,0,,,10.4,,1013.4,
2023-03-08 00:00:00,23.7,19.9,30.2,0,,,9.1,,1014,
2023-03-09 00:00:00,23.3,18.8,30,0,,,10.2,,1014.3,
2023-03-10 00:00:00,24.1,18.9,30,0,,,8.5,,1015.3,
2023-03-11 00:00:00,25.2,18,34,0,,,10.5,,1009.9,
2023-03-12 00:00:00,27.1,18,35,0,,,12.4,,1009.4,
2023-03-13 00:00:00,20.7,17,23,0.7,,,9,,1016.8,
2023-03-14 00:00:00,16.7,15,20,5.8,,,8.8,,1020,
2023-03-15 00:00:00,19.2,15,27.6,1.9,,,10.3,,1017.7,
2023-03-16 00:00:00,25.2,15,33,0.2,,,12.8,,1009.2,
2023-03-17 00:00:00,16.9,13,22,0,,,16.4,,1016.7,
2023-03-18 00:00:00,10.9,6,15,0.4,,,11.6,,1024.9,
2023-03-19 00:00:00,5.8,4,7.8,0.9,,,10,,1031.1,
2023-03-20 00:00:00,10.5,6,20.5,0,,,9.4,,1021.8,
2023-03-21 00:00:00,20.4,12,30,0,,,9.3,,1015.3,
2023-03-22 00:00:00,23.5,14,32,0,,,10.2,,1014.9,
2023-03-23 00:00:00,26.4,20,35,0,,,12.5,,1011.3,
2023-03-24 00:00:00,28.3,17.7,39,0,,,16.4,,1008.2,
2023-03-25 00:00:00,24,17.2,31.3,0,,,13.3,,1011.6,
2023-03-26 00:00:00,24.7,15.9,34,0,,,10.2,,1009.5,
2023-03-27 00:00:00,24.3,18.9,30,0,,,10.2,,1012.1,
2023-03-28 00:00:00,18.9,11,25,10.8,,,13.8,,1020,
2023-03-29 00:00:00,13.5,12,14.5,0,,,7.4,,1020.3,
2023-03-30 00:00:00,17.4,13,21,0.1,,,10.5,,1013.9,
2023-03-31 00:00:00,24.1,17,31,0,,,10.1,,1013.1,
2023-04-01 00:00:00,24.7,19,29,1.7,,,11.4,,1017.2,
2023-04-02 00:00:00,25.7,21,32,1.5,,,9,,1012.4,
2023-04-03 00:00:00,28.9,20,38,0,,,12,,1006.6,
2023-04-04 00:00:00,25.9,20,31,0,,,11.8,,1004.1,
2023-04-05 00:00:00,25.4,21,32,0,,,16.7,,1010.4,
2023-04-06 00:00:00,14.7,12,18.5,2.9,,,11.2,,1018.5,
2023-04-07 00:00:00,14.4,13,16.2,0.1,,,9.1,,1019.8,
2023-04-08 00:00:00,16.7,13,20,0,,,8.6,,1020.1,
2023-04-09 00:00:00,18.1,16,20,0.1,,,7.9,,1020.5,
2023-04-10 00:00:00,19.4,18,22,12.1,,,8.9,,1021.6,
2023-04-11 00:00:00,20.8,17,25,2.7,,,9.6,,1021.4,
2023-04-12 00:00:00,21,15.3,27,0,,,7.9,,1016.4,
2023-04-13 00:00:00,21.2,15.5,26,0,,,11.3,,1010,
2023-04-14 00:00:00,24.7,17,33,0.1,,,10.4,,1008,
2023-04-15 00:00:00,28.2,17.5,36,0,,,12.9,,1012,
2023-04-16 00:00:00,21.9,16.9,25,0.3,,,13.9,,1021,
2023-04-17 00:00:00,19,15,23.5,0,,,11.9,,1016.8,
2023-04-18 00:00:00,23.9,19,29,0.1,,,12.2,,1010.4,
2023-04-19 00:00:00,24.4,20.8,29,0.2,,,11.8,,1010.4,
2023-04-20 00:00:00,25.8,22,31,0.3,,,9.3,,1011.5,
2023-04-21 00:00:00,27.4,21.8,35,0,,,11.9,,1013.1,
2023-04-22 00:00:00,23.8,19,28,1.4,,,12.5,,1011.3,
2023-04-23 00:00:00,20.7,14,29,0.8,,,16.5,,1011.1,
2023-04-24 00:00:00,16.6,13,19,0.6,,,7.6,,1016,
2023-04-25 00:00:00,20.8,16,26,0,,,10.5,,1011.6,
2023-04-26 00:00:00,24.1,16.9,30,0,,,8.3,,1008.6,
2023-04-27 00:00:00,25.2,19.8,31,0,,,12.5,,1010.3,
2023-04-28 00:00:00,25.6,19,31,0.5,,,12,,1008.9,
2023-04-29 00:00:00,23.1,15.9,30,0.4,,,16.8,,1018.3,
2023-04-30 00:00:00,22.4,11.5,32,0,,,8.6,,1015.1,
2023-05-01 00:00:00,25.8,15,35,0,,,13,,1008.9,
2023-05-02 00:00:00,24.2,18.9,29,0.5,,,9.6,,1009.9,
2023-05-03 00:00:00,25.1,22,29,1,,,11.3,,1012.4,
2023-05-04 00:00:00,26.1,22.9,32,1.9,,,10.3,,1011.9,
2023-05-05 00:00:00,28,22.4,34,1.1,,,10.6,,1012,
2023-05-06 00:00:00,28.4,22,35,0.5,,,9.4,,1011.8,
2023-05-07 00:00:00,27.3,22.4,35,0.4,,,10.5,,1012.5,
2023-05-08 00:00:00,25.8,21,31,2.8,,,10.6,,1012.2,
2023-05-09 00:00:00,25.4,20,30,0.5,,,9.7,,1012.2,
2023-05-10 00:00:00,26.9,20,32,0.1,,,9.1,,1009.6,
2023-05-11 00:00:00,27.9,21.2,34,0.2,,,10.9,,1008,
2023-05-12 00:00:00,25.2,20,30,2.2,,,13,,1008.7,
2023-05-13 00:00:00,21.6,20,24.1,24,,,10.5,,1013.2,
2023-05-14 00:00:00,21.5,20,23,1,,,8.8,,1018.4,
2023-05-15 00:00:00,23.3,19,30,5.6,,,7.9,,1020.2,
2023-05-16 00:00:00,23.3,18.5,29,1.6,,,7,,1017.5,
2023-05-17 00:00:00,25.2,19,32,4.1,,,8.9,,1013.5,
2023-05-18 00:00:00,24.7,20,31,0,,,7.9,,1014.1,
2023-05-19 00:00:00,26.9,21,32,0.5,,,7.8,,1015.7,
2023-05-20 00:00:00,22.4,19,27,46.6,,,9.2,,1020.4,
2023-05-21 00:00:00,23.8,19.3,28,10.8,,,7.8,,1018.8,
2023-05-22 00:00:00,24.9,20.6,29,0.3,,,7.2,,1015.8,
2023-05-23 00:00:00,26.6,21.5,31,0.1,,,9.7,,1013.7,
2023-05-24 00:00:00,26.3,22,31,0,,,9.8,,1012.7,
2023-05-25 00:00:00,26.4,22.7,32,0,,,12.8,,1012.6,
2023-05-26 00:00:00,26.3,21,31,0.5,,,11.6,,1014.5,
2023-05-27 00:00:00,25.3,22.3,29,4.5,,,10.4,,1015.5,
2023-05-28 00:00:00,24.2,17,30,10.9,,,15.2,,1015,
2023-05-29 00:00:00,24.2,19,30,2.4,,,8.5,,1013.3,
2023-05-30 00:00:00,25.6,20,32,0,,,8.2,,1012.6,
2023-05-31 00:00:00,26,21,31,0,,,10.9,,1011.6,
2023-06-01 00:00:00,25.8,22,30,0.1,,,11.4,,1010.8,
2023-06-02 00:00:00,26.1,23,30,0.6,,,11.1,,1010.8,
2023-06-03 00:00:00,25.6,22,29,1,,,9.8,,1009.9,
2023-06-04 00:00:00,24.9,20,29,12.7,,,7.4,,1011.8,
2023-06-05 00:00:00,26,20.8,32,3.4,,,7.6,,1013.1,
2023-06-06 00:00:00,26.4,20,33,0.4,,,8.7,,1013.2,
2023-06-07 00:00:00,27.4,21.7,33,0.6,,,9,,1011.8,
2023-06-08 00:00:00,27.3,21.9,33,0.1,,,10.7,,1011.9,
2023-06-09 00:00:00,30.2,23,37,0,,,9.8,,1011.2,
2023-06-10 00:00:00,28.3,24,34,0.1,,,10.1,,1009.9,
2023-06-11 00:00:00,29,24.7,34,0,,,9.8,,1010.4,
2023-06-12 00:00:00,30.4,25,37,0,,,11.1,,1010,
2023-06-13 00:00:00,32.2,24.9,41,0,,,11.7,,1008.6,
2023-06-14 00:00:00,32,24,39,0,,,11.5,,1006.5,
2023-06-15 00:00:00,31.8,24.6,39,0,,,9.6,,1007.4,
2023-06-16 00:00:00,31.3,25.1,38,0,,,10.4,,1009.6,
2023-06-17 00:00:00,31.4,25.5,38,0,,,10,,1010.9,
2023-06-18 00:00:00,33.1,24.8,42,0,,,8.9,,1008.4,
2023-06-19 00:00:00,33.2,24,42,0,,,8.8,,1008.9,
2023-06-20 00:00:00,32.6,24.1,42,0,,,9.6,,1009,
2023-06-21 00:00:00,33.3,23.2,43,0,,,10.7,,1007.9,
2023-06-22 00:00:00,31.6,25,38,0.2,,,9.6,,1010,
2023-06-23 00:00:00,32.1,24.6,40,0,,,11.6,,1011.7,
2023-06-24 00:00:00,31.6,24.4,39,0,,,9.8,,1013.7,
2023-06-25 00:00:00,31.5,24,40,0,,,11.2,,1013.8,
2023-06-26 00:00:00,31.8,24,39,0,,,12.4,,1013.3,
2023-06-27 00:00:00,31.4,23.6,40,0,,,13.6,,1012.5,
2023-06-28 00:00:00,30.7,23.7,39,0,,,16.3,,1012.4,
2023-06-29 00:00:00,29.9,23.7,37,0,,,15.4,,1012.8,
2023-06-30 00:00:00,30.5,25.1,37,0.1,,,16.9,,1012.9,
2023-07-01 00:00:00,30.3,25.2,36,0.1,,,12.2,,1013.3,
2023-07-02 00:00:00,29,24.7,36,6.6,,,8.7,,1013.4,
2023-07-03 00:00:00,27.9,24,34,3.2,,,7.9,,1013.5,
2023-07-04 00:00:00,28.8,23.9,37,0,,,9.8,,1013.9,
2023-07-05 00:00:00,29.4,24.7,36,0,,,10.3,,1014.2,
2023-07-06 00:00:00,26.9,23,34,12,,,9.1,,1014.3,
2023-07-07 00:00:00,28.1,23.8,34,2.7,,,11,,1013.1,
2023-07-08 00:00:00,27.6,23.7,34,0,,,10.6,,1012.8,
2023-07-09 00:00:00,29.3,24,36,0,,,11.2,,1012.5,
2023-07-10 00:00:00,30.5,24.6,37,0,,,11.2,,1013.3,
2023-07-11 00:00:00,30.9,25.1,37,0,,,12.2,,1013.8,
2023-07-12 00:00:00,31.4,25.1,39,0,,,11.7,,1012.3,
2023-07-13 00:00:00,31.5,25.2,39,0.9,,,12,,1011.3,
2023-07-14 00:00:00,31.2,24.4,39,0,,,12.4,,1011.5,
2023-07-15 00:00:00,31,24.8,39,0,,,10.7,,1012.9,
2023-07-16 00:00:00,30.8,24,39,0,,,11.6,,1015.5,
2023-07-17 00:00:00,30.6,23.4,38,0,,,11.4,,1016.1,
2023-07-18 00:00:00,31,24,39,0,,,11.2,,1016.3,
2023-07-19 00:00:00,30.5,23.9,40,0,,,13.7,,1016.7,
2023-07-20 00:00:00,30.7,23.3,40,0,,,12.9,,1015.9,
2023-07-21 00:00:00,30.3,23,38,0,,,11.7,,1014.7,
2023-07-22 00:00:00,30.2,24,37,0,,,8.2,,1014.3,
2023-07-23 00:00:00,30.1,24.2,37,0,,,8.2,,1015.6,
2023-07-24 00:00:00,28.8,24.1,36,0.6,,,9.8,,1018.7,
2023-07-25 00:00:00,29.7,23,36,0,,,11.3,,1018.5,
2023-07-26 00:00:00,29.9,24,38,0,,,13.3,,1016.5,
2023-07-27 00:00:00,29.6,23.2,37,0,,,12.6,,1015.8,
2023-07-28 00:00:00,28.5,23,37,0.1,,,13.1,,1017.2,
2023-07-29 00:00:00,28.6,22.3,36,0,,,13.7,,1018.2,
2023-07-30 00:00:00,29.8,23,37,0,,,11.8,,1018,
2023-07-31 00:00:00,31.3,24.9,38,0,,,10,,1017,
2023-08-01 00:00:00,30.9,24.6,37,0,,,10.5,,1016.9,
2023-08-02 00:00:00,30.2,24.4,37,0,,,12,,1016.6,
2023-08-03 00:00:00,30.6,24.2,39,0,,,11.2,,1015.1,
2023-08-04 00:00:00,31.4,24.4,40,0,,,11.6,,1013.3,
2023-08-05 00:00:00,30.8,24,39,0,,,12,,1014,
2023-08-06 00:00:00,31.6,24.7,40,0,,,11.4,,1014.4,
2023-08-07 00:00:00,31.1,24,40,0,,,11.3,,1014.7,
2023-08-08 00:00:00,31,24.6,39,0,,,10.3,,1013.9,
2023-08-09 00:00:00,31.1,24.5,39,0,,,10.9,,1011.2,
2023-08-10 00:00:00,31.7,24.6,40,0,,,11.9,,1010.1,
2023-08-11 00:00:00,31.6,25,40,0,,,11.7,,1011.6,
2023-08-12 00:00:00,32.1,25.2,39,0,,,13.8,,1012.7,
2023-08-13 00:00:00,31.3,24.2,40,0,,,13.9,,1013.9,
2023-08-14 00:00:00,30.9,24.6,38,0,,,13.1,,1015.4,
2023-08-15 00:00:00,30,24.3,36,0.7,,,8.9,,1017.5,
2023-08-16 00:00:00,31,23.9,37,0,,,9.5,,1015.5,
2023-08-17 00:00:00,31.6,22.9,39,0,,,10.2,,1013.8,
2023-08-18 00:00:00,30.7,23.5,38,0.3,,,12.9,,1013.7,
2023-08-19 00:00:00,29.8,24,36,0.3,,,11.3,,1014,
2023-08-20 00:00:00,29,23.5,36,0,,,10.1,,1015.9,
2023-08-21 00:00:00,29.6,22.8,36,0,,,10.1,,1016,
2023-08-22 00:00:00,27,23.3,32,1.6,,,14.2,,1013.9,
2023-08-23 00:00:00,27.4,23,33,4,,,8.7,,1015.3,
2023-08-24 00:00:00,29.3,23.2,35,0,,,9.9,,1016.2,
2023-08-25 00:00:00,29.7,22.6,37,3.6,,,9.5,,1015.1,
2023-08-26 00:00:00,29.2,22.8,35,0.3,,,9.5,,1014.7,
2023-08-27 00:00:00,30.1,23.4,37,0,,,8.8,,1013.3,
2023-08-28 00:00:00,30.7,19,39,0,,,8.4,,1012.1,
2023-08-29 00:00:00,28.5,21.6,36,11.8,,,13.4,,1013.2,
2023-08-30 00:00:00,30.2,22.9,37,0,,,10.3,,1013.3,
2023-08-31 00:00:00,30,20.8,38,0,,,9,,1012.8,
2023-09-01 00:00:00,30.1,21.7,37,0,,,11.2,,1015,
2023-09-02 00:00:00,30,22.3,38,0,,,8.7,,1016.3,
2023-09-03 00:00:00,30.1,22,37,0.1,,,8.9,,1014.3,
2023-09-04 00:00:00,30.9,23.5,39,0,,,10.8,,1010.8,
2023-09-05 00:00:00,30.7,16.5,39,0,,,10.9,,1011.4,
2023-09-06 00:00:00,30.9,23.9,38,0,,,10.6,,1014,
2023-09-07 00:00:00,30.8,24.2,37,0,,,9.5,,1014.3,
2023-09-08 00:00:00,31.6,24.5,39,0,,,10.1,,1014.2,
2023-09-09 00:00:00,30.9,23.7,38,0,,,10.4,,1015.7,
2023-09-10 00:00:00,30.8,23.2,39,0,,,8.7,,1016.1,
2023-09-11 00:00:00,30.5,23.1,38,0,,,12.3,,1015.1,
2023-09-12 00:00:00,30,23.3,37,0,,,9.1,,1014.7,
2023-09-13 00:00:00,30.3,24.1,37,0,,,9.3,,1013.7,
2023-09-14 00:00:00,30.8,23.3,38,0,,,8.8,,1012.2,
2023-09-15 00:00:00,30.7,24.8,37,3.7,,,8.9,,1013.3,
2023-09-16 00:00:00,27.1,22,33,6.4,,,8.7,,1016,
2023-09-17 00:00:00,26,23,33,22.3,,,8.6,,1018,
2023-09-18 00:00:00,27.4,21.7,33,0,,,7.5,,1016.8,
2023-09-19 00:00:00,27.8,22.3,34,0,,,6.5,,1013.9,
2023-09-20 00:00:00,28.3,21.9,36,0,,,6.5,,1012.6,
2023-09-21 00:00:00,28.5,22.7,35,0,,,7.1,,1014.1,
2023-09-22 00:00:00,29.2,23,36,0,,,8.4,,1014,
2023-09-23 00:00:00,30,23,37,0,,,9.3,,1012.6,
2023-09-24 00:00:00,30.3,23.1,38,0,,,9.1,,1012,
2023-09-25 00:00:00,30,24.9,36,0,,,9,,1014.6,
2023-09-26 00:00:00,28.9,23.6,35,0,,,8.5,,1016.7,
2023-09-27 00:00:00,25.8,21,35,0.2,,,9.2,,1015.7,
2023-09-28 00:00:00,27.4,20,35,0,,,8.1,,1014.3,
2023-09-29 00:00:00,27.6,22,34,0,,,7,,1014.2,
2023-09-30 00:00:00,28.1,23,34,0,,,8.5,,1015.2,
2023-10-01 00:00:00,28,23.9,34,0.4,,,8.2,,1015.7,
2023-10-02 00:00:00,28.2,23.4,34,1.1,,,9.8,,1014.8,
2023-10-03 00:00:00,27.9,24,33,0,,,8.9,,1012.9,
2023-10-04 00:00:00,28.7,25,33,0,,,9.4,,1011.5,
2023-10-05 00:00:00,25.6,21,33,29.9,,,11,,1014.9,
2023-10-06 00:00:00,22.7,20,25,20.4,,,8.7,,1019.9,
2023-10-07 00:00:00,20.3,17,23,0,,,9.6,,1022.6,
2023-10-08 00:00:00,17.5,16.1,20,15.5,,,7.6,,1021.5,
2023-10-09 00:00:00,19.7,17,22,4.5,,,7.1,,1014.8,
2023-10-10 00:00:00,19.8,19,23.4,26.4,,,9,,1010.8,
2023-10-11 00:00:00,21.9,18.8,26,9.9,,,8.7,,1006.9,
2023-10-12 00:00:00,24.7,18.9,31,0,,,7.1,,1005.6,
2023-10-13 00:00:00,27.3,21,34,15.8,,,9,,1010,
2023-10-14 00:00:00,20.1,17,24,17.4,,,10.5,,1019.9,
2023-10-15 00:00:00,20.3,16.8,24,0,,,6.8,,1023.2,
2023-10-16 00:00:00,18.9,12.2,24,0,,,6.9,,1024.6,
2023-10-17 00:00:00,18.3,10,25,0,,,5.8,,1020.9,
2023-10-18 00:00:00,19.5,11.3,27,0,,,6.6,,1016.2,
2023-10-19 00:00:00,22.3,14,31,0,,,6.6,,1016.1,
2023-10-20 00:00:00,23.9,16.3,32,0,,,6.6,,1016.1,
2023-10-21 00:00:00,24.4,16.3,31,0,,,8.9,,1013.1,
2023-10-22 00:00:00,24.5,20.4,29,0,,,8.6,,1011.4,
2023-10-23 00:00:00,23.9,21,27,0.5,,,10.9,,1010.6,
2023-10-24 00:00:00,25.7,21.3,30,0,,,11.4,,1011,
2023-10-25 00:00:00,25.8,22.5,29,0.3,,,11.9,,1012.6,
2023-10-26 00:00:00,25.6,22.8,30.8,0.4,,,9.2,,1013.5,
2023-10-27 00:00:00,26,22.8,30,0.8,,,11.1,,1015.8,
2023-10-28 00:00:00,25.4,21,30,0.4,,,7.7,,1014.9,
2023-10-29 00:00:00,24.2,17,29,1,,,13.9,,1013.2,
2023-10-30 00:00:00,10.6,7,21.8,4.1,,,22,,1024.1,
2023-10-31 00:00:00,9.3,6,13.7,0.8,,,14.9,,1029.1,
2023-11-01 00:00:00,12.7,6.4,18,0,,,8.7,,1029,
2023-11-02 00:00:00,13.8,4.5,20,0,,,8.3,,1024.6,
2023-11-03 00:00:00,18.1,10.4,25,0,,,7,,1022.5,
2023-11-04 00:00:00,19.6,11.5,26,0,,,7.9,,1020.6,
2023-11-05 00:00:00,20.5,13,27,0,,,6.9,,1019.5,
2023-11-06 00:00:00,21.2,13.5,28,0,,,7.2,,1017.1,
2023-11-07 00:00:00,23.3,15,30,0,,,7.2,,1014.9,
2023-11-08 00:00:00,23.5,14.9,31,0,,,9,,1013,
2023-11-09 00:00:00,23.8,17.8,30,3.2,,,8.6,,1013.2,
2023-11-10 00:00:00,16.3,13,21.1,15.5,,,11,,1018.2,
2023-11-11 00:00:00,14.6,13,16,12,,,7.6,,1021.6,
2023-11-12 00:00:00,14.1,13.7,14.9,48.9,,,8.2,,1023.6,
2023-11-13 00:00:00,15.7,13.1,18,2.7,,,11.9,,1024.1,
2023-11-14 00:00:00,16.7,13.7,19,0.8,,,6.8,,1023.6,
2023-11-15 00:00:00,17.1,13.5,20,0,,,4.1,,1021.7,
2023-11-16 00:00:00,18.4,13.8,24,0,,,4.9,,1018.3,
2023-11-17 00:00:00,20.9,13,31,0,,,6.1,,1015.1,
2023-11-18 00:00:00,20.6,15.5,27,0,,,7.9,,1017,
2023-11-19 00:00:00,19.8,17,24,0,,,7.4,,1011.3,
2023-11-20 00:00:00,21.8,16.8,29,0,,,15.2,,1009.1,
2023-11-21 00:00:00,15.9,13.4,18,0,,,15.9,,1024.3,
2023-11-22 00:00:00,12,9,16,3.5,,,7.2,,1025.4,
2023-11-23 00:00:00,12.3,8,19,6.5,,,5.5,,1018.8,
2023-11-24 00:00:00,14.4,7.4,21,0,,,6.9,,1018.2,
2023-11-25 00:00:00,16.6,11.4,20,0,,,5.6,,1016.1,
2023-11-26 00:00:00,15.9,13,19,1.6,,,12.4,,1019.4,
2023-11-27 00:00:00,10.2,8,13.2,3.9,,,7.6,,1026.2,
2023-11-28 00:00:00,10,8,12,0,,,7.2,,1027.6,
2023-11-29 00:00:00,11.2,9.1,13,0,,,7.2,,1019.8,
2023-11-30 00:00:00,17.3,12.5,25,0,,,10,,1009.2,
2023-12-01 00:00:00,16.7,12.4,22,0,,,8.8,,1011.7,
2023-12-02 00:00:00,17.9,14,25,0,,,7.9,,1015.3,
2023-12-03 00:00:00,16.5,13,21,0,,,6,,1019.8,
2023-12-04 00:00:00,16.8,10.4,25,0,,,6.8,,1020.7,
2023-12-05 00:00:00,16.8,11.3,22,0,,,5.7,,1023.6,
2023-12-06 00:00:00,15.5,12.2,17,3,,,7,,1026.4,
2023-12-07 00:00:00,16.6,15,18,2.1,,,7.1,,1018.8,
2023-12-08 00:00:00,20.5,12.8,30,0,,,10.2,,1012.3,
2023-12-09 00:00:00,21.4,13.1,33,0,,,15.2,,1015.7,
2023-12-10 00:00:00,13.2,8,19,0,,,13.3,,1027.6,
2023-12-11 00:00:00,10.2,5,16,0,,,8,,1022.4,
2023-12-12 00:00:00,12.4,8.9,16,0.1,,,8,,1023.1,
2023-12-13 00:00:00,15.3,13.2,17,3.6,,,8.6,,1023.1,
2023-12-14 00:00:00,17.1,15.3,18,8.1,,,9.4,,1023.1,
2023-12-15 00:00:00,17.9,15.5,21,1.8,,,6.1,,1020.9,
2023-12-16 00:00:00,16.8,11,22,0,,,13.7,,1023.7,
2023-12-17 00:00:00,14,4.7,23,0,,,6.4,,1021.2,
2023-12-18 00:00:00,14.5,8.3,22,0,,,8.1,,1022.4,
2023-12-19 00:00:00,14,7.8,19,0,,,7.3,,1021.4,
2023-12-20 00:00:00,14.2,10,18,0,,,6.9,,1019.9,
2023-12-21 00:00:00,16.1,11.6,21,0,,,7,,1020.9,
2023-12-22 00:00:00,17,13.4,21,0.1,,,6,,1020.8,
2023-12-23 00:00:00,16.8,15.7,19,1.7,,,9.2,,1015.6,
2023-12-24 00:00:00,19.5,13.6,28,0,,,12.1,,1012,
2023-12-25 00:00:00,14.5,11.5,17,0,,,5.9,,1018,
2023-12-26 00:00:00,11.9,8.2,15,0,,,5.7,,1017.2,
2023-12-27 00:00:00,14.1,7.2,22,0,,,7.1,,1018.1,
2023-12-28 00:00:00,12.8,7.9,18,0,,,7.4,,1021.2,
2023-12-29 00:00:00,12,6,19,0,,,6.2,,1025.1,
2023-12-30 00:00:00,12.4,2.2,21,0,,,8.3,,1023.6,
2023-12-31 00:00:00,14.6,6,24,0,,,8.4,,1018.7,
2024-01-01 00:00:00,15.5,9.2,23,0,,,9,,1021.5,
2024-01-02 00:00:00,14.2,11,18,4.5,,,7.9,,1018.5,
2024-01-03 00:00:00,14.5,10.7,21,0,,,8.9,,1020.1,
2024-01-04 00:00:00,10.2,9,12,0.5,,,8.2,,1015.9,
2024-01-05 00:00:00,14.9,9,22,0,,,9.5,,1013,
2024-01-06 00:00:00,13.8,6.5,21,0,,,6.6,,1014.7,
2024-01-07 00:00:00,14.2,8.7,18,0.2,,,10.5,,1015.6,
2024-01-08 00:00:00,18.4,12,30,0,,,17.6,,1004.6,
2024-01-09 00:00:00,12.4,5.1,19,0,,,11.4,,1016.6,
2024-01-10 00:00:00,11.9,4,22,0,,,7.6,,1011.8,
2024-01-11 00:00:00,18.5,7.4,30,0,,,12.4,,1006.9,
2024-01-12 00:00:00,15.5,10.5,21,0,,,14.2,,1013.3,
2024-01-13 00:00:00,11.9,5,19,0,,,8.9,,1017,
2024-01-14 00:00:00,14.3,6,23,0,,,9,,1015.4,
2024-01-15 00:00:00,8.5,4,13,0,,,11.6,,1017.1,
2024-01-16 00:00:00,2.1,-3,7.8,0,,,14.9,,1026.9,
2024-01-17 00:00:00,3.1,-3,8,0,,,9.7,,1023.3,
2024-01-18 00:00:00,14.6,2.7,31,0,,,8.8,,1016.5,
2024-01-19 00:00:00,14.6,9.8,20,0,,,12.4,,1023.3,
2024-01-20 00:00:00,6.9,4,10,0,,,10.4,,1028.4,
2024-01-21 00:00:00,6.6,4,8,1,,,9.9,,1023.1,
2024-01-22 00:00:00,14.7,8.3,22,0.7,,,10.5,,1015.5,
2024-01-23 00:00:00,17.6,13,23,1,,,10.5,,1013,
2024-01-24 00:00:00,17.7,16.4,21,0,,,10,,1014.5,
2024-01-25 00:00:00,17.6,13,24,0,,,9.4,,1017.7,
2024-01-26 00:00:00,19.9,14.7,27,0,,,6.9,,1014.8,
2024-01-27 00:00:00,17.6,11,22,0,,,13.2,,1024.1,
2024-01-28 00:00:00,14.2,7,21,0,,,6.9,,1029.4,
2024-01-29 00:00:00,13.9,6.4,21,0,,,7.2,,1026.8,
2024-01-30 00:00:00,15.5,10.4,22,0,,,7.4,,1023.3,
2024-01-31 00:00:00,16.2,9.1,22,0,,,8.6,,1022.1,
2024-02-01 00:00:00,18.6,13.5,25,0.2,,,9,,1017.1,
2024-02-02 00:00:00,21.7,12,31,0.5,,,12.8,,1007.5,
2024-02-03 00:00:00,21.8,15.2,30,0.1,,,18.7,,1004.7,
2024-02-04 00:00:00,18.2,8,28,0,,,21,,1010.3,
2024-02-05 00:00:00,17.1,9.3,25,0,,,16.8,,1019.1,
2024-02-06 00:00:00,14.8,5.5,23,0,,,9.4,,1020.3,
2024-02-07 00:00:00,15.7,8.7,24,0,,,14,,1013.1,
2024-02-08 00:00:00,19.7,12.1,28,0,,,10.6,,1013.7,
2024-02-09 00:00:00,20.5,13,28,0,,,8.7,,1012.6,
2024-02-10 00:00:00,21,16.8,26,1,,,8.7,,1009.5,
2024-02-11 00:00:00,19.8,14,25,0,,,14.3,,1008.5,
2024-02-12 00:00:00,14.1,8,21,0,,,12.8,,1020.1,
2024-02-13 00:00:00,13.8,7.2,20,0,,,11.1,,1020.4,
2024-02-14 00:00:00,15.9,11.9,19,0,,,8.1,,1018.5,
2024-02-15 00:00:00,16,14,18,4.9,,,7.5,,1020.6,
2024-02-16 00:00:00,16.1,13.8,19,11.3,,,8.5,,1016.5,
2024-02-17 00:00:00,11.2,8,15.1,12.7,,,12,,1020.3,
2024-02-18 00:00:00,8.7,6,11.8,0,,,8.4,,1024.1,
2024-02-19 00:00:00,13.9,5,24,0,,,8.4,,1021.4,
2024-02-20 00:00:00,19.5,9.2,29,0,,,10.6,,1022.4,
2024-02-21 00:00:00,20.9,12,31,0,,,11,,1017.7,
2024-02-22 00:00:00,24.3,14,36,0,,,12.9,,1012.1,
2024-02-23 00:00:00,20.1,15.2,25,0,,,11.1,,1017.7,
2024-02-24 00:00:00,18.8,12,26,0,,,10.9,,1020.8,
2024-02-25 00:00:00,21.8,12,32,0,,,9.6,,1017.8,
2024-02-26 00:00:00,24.7,14,34,0,,,9.6,,1014,
2024-02-27 00:00:00,27.7,17,39,0,,,15.3,,1008.8,
2024-02-28 00:00:00,22.8,10,33,0,,,19.6,,1015.8,
2024-02-29 00:00:00,14.2,12,18.5,0,,,9.3,,1021.5,
2024-03-01 00:00:00,17.1,8,27,0,,,7.9,,1019,
2024-03-02 00:00:00,21,11,30,0,,,11.2,,1015.8,
2024-03-03 00:00:00,22.6,16,31,0,,,10.5,,1010.8,
2024-03-04 00:00:00,23.4,19.2,29.1,0.2,,,8.4,,1010.7,
2024-03-05 00:00:00,24.8,17,34,0,,,10.8,,1012.1,
2024-03-06 00:00:00,23.5,17.5,30,0,,,12.4,,1010,
2024-03-07 00:00:00,25.2,20.8,31.9,0.1,,,11.5,,1005.2,
2024-03-08 00:00:00,23.8,17.6,30.5,0,,,13.6,,1007.5,
2024-03-09 00:00:00,17.1,12.7,21.3,0,,,13.9,,1018.4,
2024-03-10 00:00:00,15.5,11.5,21.1,0,,,10.9,,1022.4,
2024-03-11 00:00:00,18.6,11.4,24.3,0,,,10.6,,1019.4,
2024-03-12 00:00:00,22.2,16.9,29,0.9,,,11.4,,1015.4,
2024-03-13 00:00:00,26.1,16.8,36,0,,,12.8,,1009.7,
2024-03-14 00:00:00,25.3,18,34,0,,,12.3,,1006.9,
2024-03-15 00:00:00,26.8,21.5,35,0,,,12.3,,1009.4,
2024-03-16 00:00:00,22.6,19,28,7.6,,,9.8,,1011.9,
2024-03-17 00:00:00,22.2,19,28,1.2,,,14.6,,1011.4,
2024-03-18 00:00:00,16,12,22,11.7,,,14.9,,1020.6,
2024-03-19 00:00:00,13.2,12,14.6,0.2,,,8.9,,1022.1,
2024-03-20 00:00:00,17.5,13,22.7,0,,,9.4,,1015.3,
2024-03-21 00:00:00,21.1,13,28,0,,,10.9,,1012.2,
2024-03-22 00:00:00,24.7,16,33,0,,,11.9,,1013.6,
2024-03-23 00:00:00,20.7,14.7,29.1,0,,,13.7,,1015.8,
2024-03-24 00:00:00,22.6,16,29,0.2,,,13.5,,1003.4,
2024-03-25 00:00:00,25.2,17,34,0,,,19.3,,1000.8,
2024-03-26 00:00:00,20.3,12,27,0,,,12,,1011.5,
2024-03-27 00:00:00,19.9,14,27,0.1,,,10.2,,1017.2,
2024-03-28 00:00:00,20.8,13.7,28,0,,,14.2,,1020.7,
2024-03-29 00:00:00,21.4,13,29,0,,,15.3,,1014.4,
2024-03-30 00:00:00,24.2,16,33,0,,,14,,1012,
2024-03-31 00:00:00,27.1,19.9,35,0,,,13.3,,1010.1,
2024-04-01 00:00:00,27,20,35,0,,,13.2,,1006.2,
2024-04-02 00:00:00,24.6,20,28,0,,,17.9,,1012,
2024-04-03 00:00:00,21,14.8,27,0,,,9.4,,1017.9,
2024-04-04 00:00:00,20.8,10.4,29,0,,,9.8,,1016.2,
2024-04-05 00:00:00,21.7,13.7,31,0,,,15.7,,1014.5,
2024-04-06 00:00:00,25.6,16,36,0,,,11.5,,1010.8,
2024-04-07 00:00:00,25.5,19,32,0,,,15.9,,1011.4,
2024-04-08 00:00:00,24.4,19.8,29,0,,,9.5,,1008.8,
2024-04-09 00:00:00,29,22,37,0,,,13,,1003,
2024-04-10 00:00:00,25.8,18.8,33,0,,,22,,1011.8,
2024-04-11 00:00:00,22.6,14.1,31,0,,,11.5,,1019.4,
2024-04-12 00:00:00,22.4,16,30,0,,,16.5,,1021.4,
2024-04-13 00:00:00,23.3,17,30.4,0,,,15.2,,1019.2,
2024-04-14 00:00:00,26,17,34,0,,,11.6,,1014.4,
2024-04-15 00:00:00,26.4,21,34,0,,,13.6,,1009.4,
2024-04-16 00:00:00,28.1,23,33,0,,,13.7,,1009.5,
2024-04-17 00:00:00,27.5,24,34.5,1.1,,,10.7,,1011.8,
2024-04-18 00:00:00,27.2,23,33,0.5,,,11.6,,1012.6,
2024-04-19 00:00:00,26.5,21,33,0.8,,,11.8,,1012.9,
2024-04-20 00:00:00,25.6,21,31,0.5,,,13.5,,1013,
2024-04-21 00:00:00,18.1,14,25.6,4.2,,,14.6,,1021.2,
2024-04-22 00:00:00,15.4,14,17.5,0.2,,,9.9,,1021.7,
2024-04-23 00:00:00,20.1,16,24,0,,,10.4,,1016.8,
2024-04-24 00:00:00,25.1,21,30,1.3,,,14.6,,1015.8,
2024-04-25 00:00:00,26.2,21,32,1.1,,,13.3,,1011.9,
2024-04-26 00:00:00,27.8,22,34,0,,,13.8,,1006.9,
2024-04-27 00:00:00,28.6,23,36,0,,,13.8,,1006.2,
2024-04-28 00:00:00,28.5,22,35,0,,,15,,1007.7,
2024-04-29 00:00:00,27.8,22,34,0.7,,,12.4,,1010.2,
2024-04-30 00:00:00,27.7,23,33,0.6,,,13.4,,1010.8,
2024-05-01 00:00:00,27.6,23,33,0.7,,,14.1,,1006.9,
2024-05-02 00:00:00,30.7,25,41,0,,,12.2,,1005.8,
2024-05-03 00:00:00,29,24.9,34,1.3,,,15.2,,1007.7,
2024-05-04 00:00:00,26.8,23,31,1.9,,,13.6,,1009,
2024-05-05 00:00:00,28.9,24,34,0,,,13.7,,1008.7,
2024-05-06 00:00:00,29.6,24.9,36,0,,,13,,1007.6,
2024-05-07 00:00:00,31.6,24.6,40,0,,,12.8,,1005.6,
2024-05-08 00:00:00,32.6,25,44,0,,,14.5,,1003.3,
2024-05-09 00:00:00,34.1,24,44,0,,,12.9,,1005.2,
2024-05-10 00:00:00,30.1,25.5,35,0.2,,,14.6,,1010.1,
2024-05-11 00:00:00,27,24,30,7.6,,,11,,1011.1,
2024-05-12 00:00:00,28.7,23,33,0,,,9,,1007.3,
2024-05-13 00:00:00,31.5,25,42,0,,,15.2,,1006.7,
2024-05-14 00:00:00,29.3,22,37,0,,,14.6,,1010.3,
2024-05-15 00:00:00,28.7,24,35,0.2,,,14.9,,1008.1,
2024-05-16 00:00:00,32.2,25.9,41,0,,,12.5,,1004.2,
2024-05-17 00:00:00,26.2,21,30,0.1,,,14.6,,1008.6,
2024-05-18 00:00:00,30.3,23.5,38,0,,,10.3,,1012,
2024-05-19 00:00:00,31.2,24.7,39,0,,,12.5,,1012.4,
2024-05-20 00:00:00,31.2,25,39,0,,,13.9,,1009.5,
2024-05-21 00:00:00,31.4,25,39,0,,,14.6,,1007.7,
2024-05-22 00:00:00,32.7,27,41,0.3,,,14.1,,1007.7,
2024-05-23 00:00:00,32.7,26.8,40,0.5,,,13.6,,1007,
2024-05-24 00:00:00,34.2,25.2,45,0,,,13.1,,1006.6,
2024-05-25 00:00:00,33.2,26.5,41,0.1,,,14.9,,1006.5,
2024-05-26 00:00:00,33.2,26.5,42,0,,,11.7,,1007.1,
2024-05-27 00:00:00,31,26.8,38.1,14.1,,,11.3,,1011.4,
2024-05-28 00:00:00,30.7,20,39,13.5,,,14.7,,1013.1,
2024-05-29 00:00:00,28.6,21,36.4,0.1,,,14.1,,1014.5,
2024-05-30 00:00:00,29.9,25,35.7,0,,,12.9,,1011,
2024-05-31 00:00:00,28.8,25,34,0,,,11.6,,1010.7,
2024-06-01 00:00:00,30,26,35,0.2,,,12.4,,1011.5,
2024-06-02 00:00:00,30.2,25.7,36.1,0,,,12.3,,1009.7,
2024-06-03 00:00:00,30.6,25,38,0,,,11.3,,1007.1,
2024-06-04 00:00:00,30.9,25,36,0,,,16,,1005.3,
2024-06-05 00:00:00,32.3,22,43,0.4,,,12.2,,1006.5,
2024-06-06 00:00:00,28.8,23,35,3.1,,,9.4,,1010.8,
2024-06-07 00:00:00,29.4,23,34,1.6,,,12.3,,1012.9,
2024-06-08 00:00:00,29,24.5,33,0.1,,,10.7,,1012.2,
2024-06-09 00:00:00,29.1,24.2,36,4.5,,,11.8,,1010.5,
2024-06-10 00:00:00,29.5,24.3,35,1.1,,,9.2,,1010.7,
2024-06-11 00:00:00,31.3,24.1,39,0,,,10.8,,1011,
2024-06-12 00:00:00,31.3,24,37,0,,,10,,1012.3,
2024-06-13 00:00:00,31.1,25,38,0,,,11.5,,1012.7,
2024-06-14 00:00:00,30.6,24.1,37,0,,,12.8,,1012.7,
2024-06-15 00:00:00,30.5,24.2,37,0,,,13.4,,1011.7,
2024-06-16 00:00:00,30.2,23.6,38,0,,,12.8,,1009.5,
2024-06-17 00:00:00,30,23.5,37,0,,,15.4,,1007.9,
2024-06-18 00:00:00,29.6,24.8,36,0.5,,,13,,1008.5,
2024-06-19 00:00:00,25.3,23,31,53.9,,,14.7,,1010.2,
2024-06-20 00:00:00,24.3,22.8,26.8,114.1,,,15.5,,1011.8,
2024-06-21 00:00:00,24.4,22,28,33.1,,,12.8,,1017.1,
2024-06-22 00:00:00,23.6,22,26,19.3,,,7,,1017.6,
2024-06-23 00:00:00,24.1,22.1,28,18,,,8.4,,1015.4,
2024-06-24 00:00:00,26.3,23,31.1,5.5,,,8.4,,1013.3,
2024-06-25 00:00:00,28,23.6,32,0,,,11.4,,1013.5,
2024-06-26 00:00:00,28.6,25,33,0,,,12.3,,1012.5,
2024-06-27 00:00:00,28.7,24.2,33,0.6,,,8.8,,1011.6,
2024-06-28 00:00:00,28.2,24,34,0,,,11.6,,1009.8,
2024-06-29 00:00:00,28.8,24.2,34,0.1,,,17,,1013.7,
2024-06-30 00:00:00,25.1,23,27,11.9,,,10.1,,1019.1,
2024-07-01 00:00:00,25.6,22,30,2.6,,,9.7,,1018.2,
2024-07-02 00:00:00,27.2,22.4,32.6,0,,,13,,1014.7,
2024-07-03 00:00:00,27.7,24,33,0,,,13.7,,1014.3,
2024-07-04 00:00:00,27.5,23.3,32,0,,,11.9,,1013.3,
2024-07-05 00:00:00,27.7,23.3,31,0.8,,,11.3,,1013.2,
2024-07-06 00:00:00,28.4,22.2,33,0,,,9.5,,1014.2,
2024-07-07 00:00:00,28.1,22,34,0,,,8,,1011.3,
2024-07-08 00:00:00,29.3,22.6,36.5,1.8,,,10.9,,1010.7,
2024-07-09 00:00:00,29.1,23.8,34.9,2.2,,,11.3,,1014,
2024-07-10 00:00:00,25.9,21,31.9,1.5,,,8.8,,1016.2,
2024-07-11 00:00:00,25.8,23,31,4.2,,,8.1,,1016.9,
2024-07-12 00:00:00,25.1,23,28,0.4,,,9.5,,1018.3,
2024-07-13 00:00:00,27,22.6,31,0.4,,,12.8,,1020.1,
2024-07-14 00:00:00,27.2,22.8,32,0.3,,,10.4,,1019.8,
2024-07-15 00:00:00,27.1,22.7,32,0.1,,,8.2,,1017,
2024-07-16 00:00:00,27.2,22.8,32,0,,,8.9,,1015.1,
2024-07-17 00:00:00,26.8,24.6,30,0.3,,,7.3,,1015.9,
2024-07-18 00:00:00,26,22,30,2.2,,,9.7,,1017.4,
2024-07-19 00:00:00,27.8,23,33,0.2,,,7.7,,1017.1,
2024-07-20 00:00:00,27.8,22.8,33,0,,,10,,1016.7,
2024-07-21 00:00:00,27.4,23.1,32,0.2,,,9.4,,1015.4,
2024-07-22 00:00:00,26.7,23,32,0,,,10.6,,1014.7,
2024-07-23 00:00:00,26.7,23,32,0.4,,,7,,1016.1,
2024-07-24 00:00:00,25.3,22,30,14.2,,,9.7,,1018.9,
2024-07-25 00:00:00,24.4,22.8,28,10.9,,,7.4,,1019.5,
2024-07-26 00:00:00,24.2,22,27,0.4,,,7.2,,1016.5,
2024-07-27 00:00:00,26.3,21.9,31,0.1,,,9.5,,1014.1,
2024-07-28 00:00:00,26.6,23.1,32,1,,,8.6,,1014.9,
2024-07-29 00:00:00,27.8,24,32,1,,,11.9,,1015.5,
2024-07-30 00:00:00,27.9,23,35,0,,,12.2,,1014.6,
2024-07-31 00:00:00,28,23.7,33,0,,,12.9,,1015.3,
2024-08-01 00:00:00,27.5,23.1,33,0,,,10.8,,1018.5,
2024-08-02 00:00:00,28.1,23.2,33,0,,,8.7,,1019.2,
2024-08-03 00:00:00,28.7,22.8,34,0,,,9.1,,1016.2,
2024-08-04 00:00:00,28.9,22.3,34,0,,,11.5,,1014.1,
2024-08-05 00:00:00,28.4,24,33,0,,,9.6,,1016.2,
2024-08-06 00:00:00,29,23.4,34,0,,,7.8,,1017.1,
2024-08-07 00:00:00,30.2,23.5,36,0,,,7.8,,1013.7,
2024-08-08 00:00:00,30.3,22,37,0,,,8.6,,1010.8,
2024-08-09 00:00:00,28.1,24,34,0.6,,,11.6,,1014.9,
2024-08-10 00:00:00,28.7,23.5,34,0,,,10.8,,1018.1,
2024-08-11 00:00:00,28.1,23,33,0,,,8.7,,1017.4,
2024-08-12 00:00:00,28.7,23,34,0,,,10.6,,1015.6,
2024-08-13 00:00:00,28.5,23,35,0,,,15,,1016,
2024-08-14 00:00:00,28.6,23.7,34,0,,,11.5,,1015.7,
2024-08-15 00:00:00,28.5,23.1,34,0,,,10.1,,1015,
2024-08-16 00:00:00,28.7,23.9,34,0,,,11,,1015.5,
2024-08-17 00:00:00,29,23.8,35,0.8,,,10.9,,1015.6,
2024-08-18 00:00:00,28.7,23.7,35,5.2,,,9.9,,1016,
2024-08-19 00:00:00,28.7,23.5,34,0,,,8.5,,1017,
2024-08-20 00:00:00,29.7,23.5,36,0,,,9.7,,1017.7,
2024-08-21 00:00:00,30.5,23,38,0,,,9.6,,1017.2,
2024-08-22 00:00:00,30.4,22.5,37,0,,,11.7,,1016.2,
2024-08-23 00:00:00,30.1,23,37.2,0,,,10.7,,1016,
2024-08-24 00:00:00,28.8,22,35,0,,,11.2,,1017.4,
2024-08-25 00:00:00,28.5,22.2,34.4,0.5,,,12,,1016,
2024-08-26 00:00:00,28.2,22.5,36.4,0,,,10.4,,1016.3,
2024-08-27 00:00:00,28,22.2,36.3,,,,10.6,,1015.4,
2024-08-28 00:00:00,28.8,23.1,34.8,,,,10.2,,1014.1,
2024-08-29 00:00:00,29.5,24.1,36,,,,11.3,,1013.2,
2024-08-30 00:00:00,29.2,23,35.5,,,,10.1,,1013.8,
2024-08-31 00:00:00,28.8,24.5,34.6,,,,11.4,,1013.4,
2024-09-01 00:00:00,28.2,23,34,,,,13,,1012.5,
2024-09-02 00:00:00,28.2,23.3,34.3,,,,12.8,,1012.4,
2024-09-03 00:00:00,27.3,23,34.5,,,,10.5,,1013.4,
2024-09-04 00:00:00,25.8,23.4,30,8.7,,,10,,1015.7,
2024-09-05 00:00:00,24.4,22.6,28,8.6,,,9.6,,1017.3,
2024-09-06 00:00:00,26.3,21.8,31,3.1,,,11.1,,1016.8,
2024-09-07 00:00:00,26,22,31,1.1,,,11.3,,1016.8,
2024-09-08 00:00:00,24.5,19.5,29,0,,,11.8,,1017.3,
2024-09-09 00:00:00,23.8,17,28,0,,,10.4,,1017.2,
2024-09-10 00:00:00,25.4,18.8,31,0,,,11,,1013.7,
2024-09-11 00:00:00,26.6,20.5,32,0,,,7.1,,1011.2,
2024-09-12 00:00:00,27.4,22,33,0.7,,,7.5,,1010.3,
2024-09-13 00:00:00,28.3,23.8,33.2,0.2,,,9,,1011.8,
2024-09-14 00:00:00,27.7,24.3,33,7.3,,,9.8,,1012.2,
2024-09-15 00:00:00,24.8,22,27,13.5,,,8.1,,1013.2,
2024-09-16 00:00:00,25.5,23,29,5.1,,,7.6,,1013.8,
2024-09-17 00:00:00,26.2,23.3,31,0.5,,,7.6,,1013.4,
2024-09-18 00:00:00,26.6,23.9,30,0.1,,,8.3,,1011.7,
2024-09-19 00:00:00,27.7,25,32,0.7,,,8.7,,1011.8,
2024-09-20 00:00:00,27.9,24.5,32,0.4,,,10.4,,1012.1,
2024-09-21 00:00:00,27.2,24.3,31,0.7,,,9.2,,1012,
2024-09-22 00:00:00,27,24,31,0.8,,,10.8,,1011.3,
2024-09-23 00:00:00,26.8,22.5,31,0.1,,,9.6,,1012.6,
2024-09-24 00:00:00,27.2,22,32,0,,,6.7,,1012.6,
2024-09-25 00:00:00,27.3,22,33,2.6,,,7.6,,1012.3,
2024-09-26 00:00:00,25.5,22,30,0,,,11.2,,1013.3,
2024-09-27 00:00:00,23.6,17.1,29,0,,,5.6,,1013.1,
2024-09-28 00:00:00,25,18,32,0,,,7.6,,1014.8,
2024-09-29 00:00:00,25.6,18.2,33,0,,,8,,1015,
2024-09-30 00:00:00,26.1,18.7,33,0,,,8.2,,1014.8,
2024-10-01 00:00:00,25.5,19,31,0.1,,,7.2,,1018.1,
2024-10-02 00:00:00,24.8,19,30,0,,,7.4,,1016.7,
2024-10-03 00:00:00,24.9,17.7,31,0,,,7.5,,1014.5,
2024-10-04 00:00:00,25.2,18.2,31,0,,,11.1,,1017.1,
2024-10-05 00:00:00,21.6,19.8,23,11.7,,,10.1,,1018.1,
2024-10-06 00:00:00,25.5,20,31,0.1,,,8.2,,1017.4,
2024-10-07 00:00:00,22.5,19,27,0.1,,,7,,1017.6,
2024-10-08 00:00:00,23.5,17,30,0,,,7.5,,1016.7,
2024-10-09 00:00:00,24,15.7,31,0,,,8.8,,1017.8,
2024-10-10 00:00:00,22.8,15.7,30,0,,,8,,1019.8,
2024-10-11 00:00:00,23.1,14.1,31,0,,,7.4,,1021.5,
2024-10-12 00:00:00,22.3,14.3,30,0,,,7.5,,1021.5,
2024-10-13 00:00:00,23.1,14.9,31,0,,,9,,1020.6,
2024-10-14 00:00:00,23.3,13.2,32,0,,,9.8,,1020.7,
2024-10-15 00:00:00,22.4,13.7,31,0,,,6.7,,1017.8,
2024-10-16 00:00:00,22.2,13.4,29,17.6,,,11.7,,1020.2,
2024-10-17 00:00:00,20.4,18.5,23,10.6,,,12.7,,1020.5,
2024-10-18 00:00:00,20.6,19,23,3.4,,,10.4,,1020,
2024-10-19 00:00:00,21.9,19,25,3.2,,,9.9,,1022.7,
2024-10-20 00:00:00,22.1,18.9,26,4.5,,,8.9,,1024,
2024-10-21 00:00:00,22.4,21,25,3.7,,,8,,1021.4,
2024-10-22 00:00:00,23.3,19.8,27,0.2,,,8.3,,1020.3,
2024-10-23 00:00:00,23.6,19.6,29,0,,,7.1,,1020.6,
2024-10-24 00:00:00,22.7,17.9,28,0,,,7.9,,1017.7,
2024-10-25 00:00:00,22.7,15.8,29,0,,,7.5,,1019.7,
2024-10-26 00:00:00,23.3,16.6,29,0.2,,,8.6,,1023.9,
2024-10-27 00:00:00,23.3,16.7,30,0,,,8.3,,1022.7,
2024-10-28 00:00:00,21.8,15,29,0,,,8.6,,1018.5,
2024-10-29 00:00:00,23.3,18.2,29,0,,,11.7,,1014.5,
2024-10-30 00:00:00,24.3,19.8,32.8,0,,,8.1,,1014.1,
2024-10-31 00:00:00,24.5,19.2,31,1,,,8.4,,1015.1,
2024-11-01 00:00:00,24.8,20.9,30,5,,,10.2,,1015.5,
2024-11-02 00:00:00,25.2,21.3,30,0.8,,,13.1,,1013.5,
2024-11-03 00:00:00,25,21.1,30,0.3,,,9.8,,1007.7,
2024-11-04 00:00:00,25.9,19.1,33,0,,,10.8,,1005.3,
2024-11-05 00:00:00,22.1,17.4,27,0,,,10.7,,1012.5,
2024-11-06 00:00:00,20.1,11.2,28,0,,,8.4,,1012.4,
2024-11-07 00:00:00,22.9,14.9,29,0,,,10.7,,1013,
2024-11-08 00:00:00,24.9,21,30,4.8,,,10.7,,1012.5,
2024-11-09 00:00:00,20.3,17.9,23,0,,,7.7,,1015.9,
2024-11-10 00:00:00,21.6,17.1,25,0,,,5.9,,1016.9,
2024-11-11 00:00:00,22.3,16.4,28,0,,,7,,1017.2,
2024-11-12 00:00:00,22.3,18.8,27,0.3,,,8.5,,1014.1,
2024-11-13 00:00:00,25.1,18.9,32,0.3,,,9.7,,1015.7,
2024-11-14 00:00:00,21,16.3,25,0,,,8.8,,1020.2,
2024-11-15 00:00:00,19.6,14.7,23,0,,,9.1,,1016.1,
2024-11-16 00:00:00,20.4,17.3,24,0,,,10.5,,1011.7,
2024-11-17 00:00:00,22.1,19,27,0,,,10.2,,1008.1,
2024-11-18 00:00:00,24.1,18.1,30,0,,,12.1,,1005.6,
2024-11-19 00:00:00,21.2,11.7,29,0,,,6.8,,1012.8,
2024-11-20 00:00:00,18.1,9.9,25,0,,,10.1,,1024.5,
2024-11-21 00:00:00,15.5,5.8,23,0,,,5.9,,1025.3,
2024-11-22 00:00:00,16.7,8,25,0,,,6.9,,1022,
2024-11-23 00:00:00,18.1,9.4,26,0,,,7.6,,1018,
2024-11-24 00:00:00,19.4,12.1,27,0,,,8.2,,1015.2,
2024-11-25 00:00:00,21.6,12.7,30,0,,,8.4,,1017.6,
2024-11-26 00:00:00,16.2,13,20,0.2,,,8.6,,1021.7,
2024-11-27 00:00:00,19.6,11,31,0,,,7.7,,1013.4,
2024-11-28 00:00:00,17.2,12.6,21,0,,,16.7,,1016.8,
2024-11-29 00:00:00,13.7,12,15,0,,,8.7,,1024.7,
2024-11-30 00:00:00,13.5,6,20,0,,,6.1,,1023.2,
2024-12-01 00:00:00,15.8,8,23,0,,,6.2,,1022.5,
2024-12-02 00:00:00,14.8,12.3,17,22.5,,,9.6,,1025,
2024-12-03 00:00:00,13.3,12,15.4,3.9,,,10.8,,1027.6,
2024-12-04 00:00:00,14.8,12,19,0,,,6.2,,1021.8,
2024-12-05 00:00:00,16.2,11.5,21,0.8,,,8.1,,1022.4,
2024-12-06 00:00:00,13,10,15.3,5.5,,,9,,1024.5,
2024-12-07 00:00:00,12.6,8,15.8,4.8,,,8.4,,1022.4,
2024-12-08 00:00:00,15,11,18,0.4,,,8,,1017.5,
2024-12-09 00:00:00,20.1,14.7,27.6,,,,10.6,,1013.4,
2024-12-10 00:00:00,17.8,14.1,23.1,,,,12.3,,1017.5,
2024-12-11 00:00:00,11.9,6.5,18.3,,,,10.8,,1029.9,
2024-12-12 00:00:00,9.8,1.4,17.7,,,,10.2,,1024.9,
2024-12-13 00:00:00,15.2,9,22,,,,8.3,,1020.9,
2024-12-14 00:00:00,19,11,25,0,,,7.4,,1020.7,
2024-12-15 00:00:00,19.6,15.4,25.4,0.1,,,7.7,,1018.9,
2024-12-16 00:00:00,20.5,16.1,26,0.4,,,7.2,,1018.5,
2024-12-17 00:00:00,20.5,15.5,25,0.6,,,7.5,,1020.5,
2024-12-18 00:00:00,20.4,14.3,27,4.3,,,10.7,,1023.3,
2024-12-19 00:00:00,18,14.9,23,0,,,7.1,,1025.7,
2024-12-20 00:00:00,15.9,10.7,20,2.1,,,5.9,,1026.7,
2024-12-21 00:00:00,15.6,14.4,17,0.1,,,6,,1025.4,
2024-12-22 00:00:00,15.8,11.6,19,0.1,,,7.1,,1023,
2024-12-23 00:00:00,18.6,13.4,25,0,,,8.4,,1019.2,
2024-12-24 00:00:00,19,11.5,27,0,,,9.4,,1016.8,
2024-12-25 00:00:00,18.6,13.2,24,0,,,9.1,,1015,
2024-12-26 00:00:00,19.9,12.2,31,0,,,10,,1012.4,
2024-12-27 00:00:00,19.5,11.2,27,0,,,7.4,,1012.6,
2024-12-28 00:00:00,21.2,12.3,32,0,,,14.7,,1012.1,
2024-12-29 00:00:00,18.2,8.4,28,0,,,7.1,,1017.3,
2024-12-30 00:00:00,20.8,7.9,35,0,,,13.1,,1012.1,
2024-12-31 00:00:00,19.8,8.6,30,0,,,12.4,,1015.3,
2025-01-01 00:00:00,15.1,8.9,21,0,,,7.5,,1022.1,
2025-01-02 00:00:00,16.1,12,23,0.1,,,5.8,,1023.3,
2025-01-03 00:00:00,16.1,9,23,0,,,7.5,,1024.8,
2025-01-04 00:00:00,18.6,14.8,24,0.8,,,8.1,,1018.4,
2025-01-05 00:00:00,20.7,12,33,0,,,15.6,,1013.9,
2025-01-06 00:00:00,11.1,7,16,0,,,12.9,,1025.7,
2025-01-07 00:00:00,7,2,11,0,,,10.5,,1027.3,
2025-01-08 00:00:00,4.7,4,6.5,0,,,9.8,,1029.9,
2025-01-09 00:00:00,5.1,3,6.6,1.1,,,9.3,,1017.2,
2025-01-10 00:00:00,7.6,5,10,0.7,,,14.9,,1021.6,
2025-01-11 00:00:00,8.5,5.2,14,0.1,,,8.1,,1018.7,
2025-01-12 00:00:00,12.8,4,20,0,,,14.8,,1014.4,
2025-01-13 00:00:00,11.3,6.3,18,0,,,9.5,,1024.7,
2025-01-14 00:00:00,10.8,6.6,15,0,,,6.5,,1026.1,
2025-01-15 00:00:00,12.1,9.3,15,0,,,10.6,,1028,
2025-01-16 00:00:00,12.9,10,16,0,,,7,,1027.9,
2025-01-17 00:00:00,14.4,7,24,0,,,8.7,,1015.3,
2025-01-18 00:00:00,18.7,11.5,27,0,,,11.8,,1014.3,
2025-01-19 00:00:00,8.5,6,15,0,,,13.9,,1026.6,
2025-01-20 00:00:00,5.8,1.2,12,0,,,10.2,,1024.9,
2025-01-21 00:00:00,1.4,-2,3.6,0,,,16.7,,1035.6,
2025-01-22 00:00:00,5.5,-3,15,0,,,6.3,,1028.2,
2025-01-23 00:00:00,8.5,0,15,0,,,9.5,,1028.6,
2025-01-24 00:00:00,8.9,1,16,0,,,9.5,,1030.6,
2025-01-25 00:00:00,13,1.2,25,0,,,9,,1020.7,
2025-01-26 00:00:00,18.3,10,27,0,,,9.8,,1019.8,
2025-01-27 00:00:00,14.9,12,17,0.1,,,10,,1020.8,
2025-01-28 00:00:00,12.9,11,14.5,0,,,5.1,,1018,
2025-01-29 00:00:00,16.8,12.8,23,0,,,7.4,,1012.6,
2025-01-30 00:00:00,18.8,14.2,25,0,,,13.6,,1013.2,
2025-01-31 00:00:00,18.2,10.2,26,0,,,7.7,,1021.5,
2025-02-01 00:00:00,16.2,6.5,25,0,,,7.4,,1021.9,
2025-02-02 00:00:00,18.5,7.6,30,0,,,8,,1018.8,
2025-02-03 00:00:00,20.8,11,32,0,,,10.8,,1017,
2025-02-04 00:00:00,20.6,12.9,28,0.5,,,10.3,,1017.6,
2025-02-05 00:00:00,22.1,17.7,28,0.2,,,8.2,,1016,
2025-02-06 00:00:00,22.6,13.3,31,0,,,9,,1015.7,
2025-02-07 00:00:00,23.5,13.6,31,0,,,9.2,,1016.9,
2025-02-08 00:00:00,23.3,15.6,31,0,,,11.6,,1015.3,
2025-02-09 00:00:00,23,14.4,30,0,,,10.9,,1016.3,
2025-02-10 00:00:00,21.4,17.8,26,0.1,,,9.4,,1017.4,
2025-02-11 00:00:00,22.3,17.9,28,0,,,9.3,,1010,
2025-02-12 00:00:00,25.6,17,35,0,,,12.7,,1006,
2025-02-13 00:00:00,12.4,7,19.3,1.8,,,14.6,,1022.4,
2025-02-14 00:00:00,10.8,7,14,0,,,8.1,,1022.7,
2025-02-15 00:00:00,18.3,9.9,28,0,,,12.6,,1012,
2025-02-16 00:00:00,17.8,10,25,0,,,10.5,,1020.5,
2025-02-17 00:00:00,13.4,6.2,19,0,,,8.2,,1019.5,
2025-02-18 00:00:00,20.2,11,35,0,,,10.3,,1012.3,
2025-02-19 00:00:00,8.5,5,17.1,0,,,16.9,,1024.1,
2025-02-20 00:00:00,4.1,2,5.5,0,,,11.6,,1029,
2025-02-21 00:00:00,4.6,1.8,7,0,,,8.5,,1028.8,
2025-02-22 00:00:00,7.1,3,11,0,,,10,,1026.3,
2025-02-23 00:00:00,13.7,6,24,0,,,7.4,,1021.2,
2025-02-24 00:00:00,19,7.6,31,0,,,7.9,,1018.2,
2025-02-25 00:00:00,21,8.7,33,0,,,10.5,,1014,
2025-02-26 00:00:00,20.5,11,29,0,,,9.7,,1011.2,
2025-02-27 00:00:00,19.3,14.3,25,0.9,,,15,,1019.2,
2025-02-28 00:00:00,17.3,14.3,22,0.9,,,7.9,,1019.7,
2025-03-01 00:00:00,20.8,12,29,0,,,9,,1016.5,
2025-03-02 00:00:00,21,15,29,0,,,12.9,,1013.8,
2025-03-03 00:00:00,22.9,18.2,30,0,,,11.7,,1009.5,
2025-03-04 00:00:00,27,16.9,36,0,,,21.7,,1007.2,
2025-03-05 00:00:00,19.4,9.8,28,0,,,10.7,,1017.9,
2025-03-06 00:00:00,19.7,11.9,29,0,,,12.1,,1013.8,
2025-03-07 00:00:00,23.9,13,35,0,,,10.3,,1009.7,
2025-03-08 00:00:00,26.8,16.9,38,0,,,20.4,,1009.7,
2025-03-09 00:00:00,17.7,11.1,25,0,,,14.8,,1021,
2025-03-10 00:00:00,17.4,7.4,26,0,,,8.4,,1021,
2025-03-11 00:00:00,20,9,31,0,,,9.4,,1014,
2025-03-12 00:00:00,23.7,11.5,34.4,0,,,14,,1010.3,
2025-03-13 00:00:00,24,13.4,33.6,0,,,12.9,,1010,
2025-03-14 00:00:00,24.3,14.7,33.9,,,,19.3,,1003.5,
2025-03-15 00:00:00,22.2,14.7,30.2,,,,16.4,,1003.8,
2025-03-16 00:00:00,20.1,12.9,28.2,,,,12.6,,1016,
2025-03-17 00:00:00,19.1,9.7,26.8,,,,16.7,,1022.7,
2025-03-18 00:00:00,20.5,13.6,27.4,,,,21.7,,1017.7,
2025-03-19 00:00:00,22.9,18,29.7,,,,23.1,,1013.4,
2025-03-20 00:00:00,21.9,17.5,26.9,,,,21,,1015.9,
2025-03-21 00:00:00,19,8.3,26,,,,11,,1017.5,
2025-03-22 00:00:00,21.2,12.3,29,0,,,12.9,,1014.5,
2025-03-23 00:00:00,23.4,18.2,29,0,,,8.2,,1012.4,
2025-03-24 00:00:00,24.5,19.3,30,0.4,,,10,,1015.4,
2025-03-25 00:00:00,25,19,32,0,,,10.3,,1017.8,
2025-03-26 00:00:00,23.4,20,28,8.1,,,11.6,,1017.2,
2025-03-27 00:00:00,19.6,16,21.8,2.6,,,13.2,,1014.8,
2025-03-28 00:00:00,22.7,17,32,0,,,7.9,,1012.4,
2025-03-29 00:00:00,26.7,17,37,0,,,11.5,,1008.4,
2025-03-30 00:00:00,29.1,20,39,0,,,16.1,,1007.8,
2025-03-31 00:00:00,27.7,20,36,0.1,,,10.2,,1010.7,
2025-04-01 00:00:00,27.1,21.9,34,0.1,,,13.2,,1006.3,
2025-04-02 00:00:00,31.7,20,42,0,,,12,,1000.9,
2025-04-03 00:00:00,30.6,20,41,0,,,14.1,,1003.3,
2025-04-04 00:00:00,29.7,20,39,0,,,12,,1005.1,
2025-04-05 00:00:00,23,18,28,0,,,21,,1010.4,
2025-04-06 00:00:00,15.4,12,19,0,,,19.9,,1020.4,
2025-04-07 00:00:00,17,7.5,26,0,,,8.6,,1020.6,
2025-04-08 00:00:00,19.3,8.1,29,0,,,7.5,,1020.8,
2025-04-09 00:00:00,21.4,10.9,32,0,,,7.4,,1020.2,
2025-04-10 00:00:00,25.1,13.6,35,0,,,10.9,,1019.8,
2025-04-11 00:00:00,24.3,12.7,33,0,,,12.8,,1021.5,
2025-04-12 00:00:00,24.9,15,34,0,,,13.8,,1018.8,
2025-04-13 00:00:00,24.8,15,35,0,,,14,,1015.6,
2025-04-14 00:00:00,25.7,16,36,0,,,13,,1014.4,
2025-04-15 00:00:00,24,15.2,31,0,,,8.7,,1016.8,
2025-04-16 00:00:00,25.7,18.8,34,0.3,,,9.5,,1014.6,
2025-04-17 00:00:00,25.7,19,35,,,,8.5,,1010.1,
2025-04-18 00:00:00,27.1,19,35,,,,8.9,,1009.7,
2025-04-19 00:00:00,26.1,21.6,32,,,,10.7,,1010.4,
2025-04-20 00:00:00,24.8,21.7,29,,,,10.1,,1009.5,
2025-04-21 00:00:00,25.8,18,32,,,,7.9,,1010.5,
2025-04-22 00:00:00,25.6,22,32,0.8,,,13.5,,1012.2,
2025-04-23 00:00:00,25.6,22,30,0.1,,,11.1,,1011.6,
2025-04-24 00:00:00,25.3,22,30,0.8,,,11.2,,1011.9,
2025-04-25 00:00:00,25.4,22.3,30,0.2,,,12.4,,1013.9,
2025-04-26 00:00:00,25.4,21,31,0.7,,,11.7,,1014.2,
2025-04-27 00:00:00,27,21,34,0,,,12.9,,1014.3,
2025-04-28 00:00:00,27.9,22,37,0,,,14,,1013.3,
2025-04-29 00:00:00,26.2,21,31,0,,,14.9,,1012.8,
2025-04-30 00:00:00,28.7,21,37,0,,,10.5,,1009.8,
2025-05-01 00:00:00,25.4,21.9,32,4.3,,,12.8,,1010.8,
2025-05-02 00:00:00,26.6,22,31,0.2,,,10,,1009.7,
2025-05-03 00:00:00,21.3,19,24.2,5.5,,,11.3,,1014.9,
2025-05-04 00:00:00,21.1,19,23,3.6,,,6.7,,1012,
2025-05-05 00:00:00,25.9,22,31,1.6,,,12.9,,1007,
2025-05-06 00:00:00,29.9,23,39,1.5,,,12.2,,1005.9,
2025-05-07 00:00:00,27.9,22.2,34,0,,,13.3,,1012,
2025-05-08 00:00:00,25.2,20,32,3.6,,,10.1,,1013.9,
2025-05-09 00:00:00,23.8,20,30,0,,,11.6,,1018.9,
2025-05-10 00:00:00,23.7,16.4,29,0,,,11.2,,1019.5,
2025-05-11 00:00:00,25.4,15.1,34,0,,,11.5,,1018.6,
2025-05-12 00:00:00,27.2,15.5,37,0,,,6.1,,1014.1,
2025-05-13 00:00:00,31,19.8,42,0,,,10.3,,1008.8,
2025-05-14 00:00:00,32.5,20.1,42,0,,,11.6,,1005.9,
2025-05-15 00:00:00,33.3,24,43,0,,,10.8,,1006.4,
2025-05-16 00:00:00,30.6,24.8,37,0.7,,,8.5,,1009,
2025-05-17 00:00:00,30.1,25.6,34,0.9,,,14.7,,1010,
2025-05-18 00:00:00,29.3,25,34,0,,,9.3,,1007.9,
2025-05-19 00:00:00,32.1,24.5,39,0,,,13.8,,1004.9,
2025-05-20 00:00:00,30.1,25.2,33,0.7,,,14,,1009.3,
2025-05-21 00:00:00,27.3,22,35,14,,,11,,1013.8,
2025-05-22 00:00:00,28,21,34,0.2,,,12.3,,1013.8,
2025-05-23 00:00:00,28.9,24.2,34,0.6,,,12,,1014,
2025-05-24 00:00:00,28.7,23.2,35,0,,,12.2,,1012.9,
2025-05-25 00:00:00,29,24.4,34,0.1,,,11.2,,1012.1,
2025-05-26 00:00:00,30.2,24.7,39,0.2,,,12,,1010,
2025-05-27 00:00:00,28.2,23.6,32,22.5,,,12.5,,1013.1,
2025-05-28 00:00:00,26.1,24,30,4.2,,,10.5,,1015.3,
2025-05-29 00:00:00,27.7,23,32,0.1,,,8.5,,1014.8,
2025-05-30 00:00:00,24.5,22,28,5,,,6.3,,1017.1,
2025-05-31 00:00:00,26.5,22.7,31,5,,,5.8,,1016.6,
2025-06-01 00:00:00,28.8,22.6,35,0.6,,,8.8,,1013.5,
2025-06-02 00:00:00,28.9,23.9,34,0.9,,,12.4,,1012.2,
2025-06-03 00:00:00,28.6,24.7,33,0,,,10.4,,1011,
2025-06-04 00:00:00,28.6,25,33,0.2,,,11.9,,1011.6,
2025-06-05 00:00:00,29.6,24.4,36,0,,,17.4,,1012.5,
2025-06-06 00:00:00,29,23.6,35,0,,,14.3,,1013.4,
2025-06-07 00:00:00,29.4,23.4,36,0,,,12.7,,1012.6,
2025-06-08 00:00:00,29.5,21.5,36,0,,,12.3,,1011.2,
2025-06-09 00:00:00,29.7,23.5,36,0,,,10.1,,1010.8,
2025-06-10 00:00:00,29.3,25.5,35,0.2,,,12.9,,1013.1,
2025-06-11 00:00:00,26.9,21,32,0.2,,,9.3,,1014.2,
2025-06-12 00:00:00,28.9,23.3,34,0,,,8.8,,1011.9,
2025-06-13 00:00:00,28,21.7,34,0,,,9.3,,1012.5,
2025-06-14 00:00:00,28.4,23,36,0.5,,,14.7,,1014,
2025-06-15 00:00:00,28.9,24.5,35,0.4,,,14.2,,1015.2,
2025-06-16 00:00:00,29.1,22.6,35,0,,,9.9,,1013.9,
2025-06-17 00:00:00,28.6,21.8,35,0,,,15.6,,1012.7,
2025-06-18 00:00:00,29.2,21,36,0,,,17.1,,1012.3,
2025-06-19 00:00:00,28,22.6,33,1,,,18,,1016,
2025-06-20 00:00:00,26,22.7,32,1.6,,,12.7,,1016.1,
2025-06-21 00:00:00,25.4,21.7,29,1.4,,,16.8,,1015.3,
2025-06-22 00:00:00,27,22.6,33,0.7,,,18.8,,1016,
2025-06-23 00:00:00,27.2,21.5,35,0.6,,,19.9,,1017.2,
2025-06-24 00:00:00,27.6,22,35,0.1,,,18.3,,1018.4,
2025-06-25 00:00:00,28.4,22,35,0,,,15.1,,1016.9,
2025-06-26 00:00:00,27.7,21,34,0,,,14.8,,1016,
2025-06-27 00:00:00,27.5,21.6,33,0.6,,,12.4,,1015.8,
2025-06-28 00:00:00,28.3,22,35,0,,,15.1,,1016.2,
2025-06-29 00:00:00,26.8,22.6,34,0.2,,,12.5,,1015.2,
2025-06-30 00:00:00,24.3,22,29,13.3,,,12.5,,1015.2,
2025-07-01 00:00:00,23.5,21,27,19.3,,,10.2,,1015.9,
2025-07-02 00:00:00,25.2,21.6,28,3.9,,,10.9,,1015.3,
2025-07-03 00:00:00,27.2,22.7,32,1.3,,,8.5,,1014.7,
2025-07-04 00:00:00,28.4,22,36,3.7,,,8.8,,1014.8,
2025-07-05 00:00:00,27.9,23.5,32,0,,,8.4,,1014.4,
2025-07-06 00:00:00,28.1,23.9,33,2.2,,,9.5,,1014.4,
2025-07-07 00:00:00,27.7,22.8,33,1.9,,,10.6,,1016,
2025-07-08 00:00:00,27.6,22.8,34,0.2,,,11,,1018.6,
2025-07-09 00:00:00,28,22.4,35,0.2,,,13.4,,1018.3,
2025-07-10 00:00:00,27.1,21.7,34,0,,,6,,1015.6,
2025-07-11 00:00:00,28.7,21.5,35.3,0.2,,,13.5,,1012.8,
2025-07-12 00:00:00,29,22.7,35.5,0.3,,,13.5,,1012.9,
2025-07-13 00:00:00,28.2,23.5,34,0,,,11.2,,1014.2,
2025-07-14 00:00:00,28,23.2,33.2,0,,,11.2,,1014.7,
2025-07-15 00:00:00,28,23.4,32.8,0.5,,,11.7,,1014,
2025-07-16 00:00:00,28.7,22.4,34.7,0.2,,,12.2,,1012.4,
2025-07-17 00:00:00,28.4,21.7,35.5,0,,,12.3,,1013.2,
2025-07-18 00:00:00,28.7,22.2,35.2,0,,,12.7,,1015,
2025-07-19 00:00:00,29.3,22.4,36,0,,,15.1,,1015.7,
2025-07-20 00:00:00,29.7,22.8,36.9,0,,,15.6,,1014.6,
2025-07-21 00:00:00,29.3,21.8,36.5,0,,,13.4,,1013.8,
2025-07-22 00:00:00,29.4,23.2,35.9,0.3,,,11.3,,1013.4,
2025-07-23 00:00:00,29.8,23.3,36.9,0,,,11.7,,1014.9,
2025-07-24 00:00:00,30.1,22.9,38.2,0,,,11.1,,1014.6,
2025-07-25 00:00:00,30.2,22.1,38.5,0,,,9.7,,1012.4,
2025-07-26 00:00:00,27.8,23.2,33.3,0.8,,,11,,1013.1,
2025-07-27 00:00:00,27.9,22.3,33.7,0.3,,,13.8,,1016.2,
2025-07-28 00:00:00,28.3,22.6,34.5,0,,,14,,1018.9,
2025-07-29 00:00:00,28.6,22.2,35.9,0,,,12,,1018.4,
2025-07-30 00:00:00,28.5,20.7,37.1,0,,,10.4,,1016.1,
2025-07-31 00:00:00,29.5,22.1,37.5,0,,,11,,1015.8,
2025-08-01 00:00:00,29.8,22.8,37.9,0,,,11.3,,1017.7,
2025-08-02 00:00:00,30.3,23.2,37.9,0,,,10.9,,1017.6,
2025-08-03 00:00:00,31.6,23.2,39,0,,,7.2,,1015.5,
2025-08-04 00:00:00,31.2,22.9,38,0,,,9,,1014,
2025-08-05 00:00:00,30,23.4,37,0,,,8.3,,1017.7,
2025-08-06 00:00:00,29.9,23.2,37,0,,,13.4,,1019.8,
2025-08-07 00:00:00,29.8,24,36,0,,,14,,1018.5,
2025-08-08 00:00:00,30.5,24,37.7,0,,,12.4,,1015,
2025-08-09 00:00:00,30.3,22.8,37,0,,,12.7,,1013.9,
2025-08-10 00:00:00,28.7,23.3,37,0,,,10,,1014.3,
2025-08-11 00:00:00,28.9,23.3,35,0.4,,,8.6,,1014.2,
2025-08-12 00:00:00,30.1,22.8,37,0,,,11.5,,1014.2,
2025-08-13 00:00:00,30.9,23.8,38,0,,,12.1,,1014.1,
2025-08-14 00:00:00,30.7,22.8,38,0,,,14.1,,1014.1,
2025-08-15 00:00:00,29.4,24.3,35,0,,,12.2,,1015.6,
2025-08-16 00:00:00,29.5,23.7,36,0,,,8.9,,1016.4,
2025-08-17 00:00:00,30.5,23.6,37,0,,,13.3,,1015.3,
2025-08-18 00:00:00,30.5,21.9,38,0,,,13,,1015.3,
2025-08-19 00:00:00,29.6,22.9,36,0,,,9.6,,1016.1,
2025-08-20 00:00:00,26.4,22,32,2.8,,,8.7,,1015.8,
2025-08-21 00:00:00,27.8,22,34,2,,,10.7,,1014.4,
2025-08-22 00:00:00,26.7,21,33,5.7,,,8.3,,1015.2,
2025-08-23 00:00:00,26.3,22,32,4.6,,,10.1,,1016.1,
2025-08-24 00:00:00,26.5,22.6,32,6.8,,,9.8,,1016.5,
2025-08-25 00:00:00,27.5,22.3,32,3.5,,,9.3,,1016.3,
2025-08-26 00:00:00,27.6,23,32,1.4,,,10,,1017.8,
2025-08-27 00:00:00,28.8,24,35,0.5,,,11.9,,1018.5,
2025-08-28 00:00:00,29.3,22.6,35,0,,,11,,1016.4,
2025-08-29 00:00:00,29.7,22.7,36,0,,,11.7,,1014.5,
2025-08-30 00:00:00,30.1,23.1,37,0,,,11.8,,1013.2,
2025-08-31 00:00:00,30.1,23.1,37,0,,,10.4,,1014.3,
2025-09-01 00:00:00,28.6,24.2,34,3.3,,,11.3,,1016.2,
2025-09-02 00:00:00,27.1,22.8,33,4.2,,,10.4,,1017.1,
2025-09-03 00:00:00,29.3,22,35,0,,,8.9,,1015.5,
2025-09-04 00:00:00,30.4,21.4,38,0,,,11.1,,1012.9,
2025-09-05 00:00:00,30.4,22.3,38,0,,,11.7,,1011.9,
2025-09-06 00:00:00,27.9,24.1,35,0,,,8.5,,1015.6,
2025-09-07 00:00:00,27.1,23,33,19.9,,,9,,1017.8,
2025-09-08 00:00:00,23.8,22,25,10.6,,,8.8,,1018.5,
2025-09-09 00:00:00,26.2,22,31,1.1,,,9,,1016.7,
2025-09-10 00:00:00,26.4,22,32,1.5,,,8.8,,1017.7,
2025-09-11 00:00:00,26.4,22,31,1.3,,,8.7,,1018.5,
2025-09-12 00:00:00,26.6,22.2,32,0,,,10,,1018.2,
2025-09-13 00:00:00,26.7,22.5,32,0.4,,,11.2,,1016.2,
2025-09-14 00:00:00,25.1,21,31,3,,,12.3,,1014.8,
2025-09-15 00:00:00,24.6,21.4,29,0.2,,,9.1,,1017.3,
2025-09-16 00:00:00,25.3,21,30,0.7,,,8.2,,1019,
2025-09-17 00:00:00,25.5,20.6,31,0.3,,,8.3,,1017.4,
2025-09-18 00:00:00,25.9,21.8,31,0.4,,,9.3,,1015.5,
2025-09-19 00:00:00,25.9,23,31,1.6,,,9.2,,1016.3,
2025-09-20 00:00:00,26.4,21.5,32,0.6,,,8.8,,1016.4,
2025-09-21 00:00:00,27.1,22.7,32,0.1,,,9.7,,1013.6,
2025-09-22 00:00:00,27.3,22.5,32,0,,,8.8,,1011.7,
2025-09-23 00:00:00,27.2,22.8,32,0,,,9.7,,1012.8,
2025-09-24 00:00:00,27.4,23.6,32,0.3,,,9.5,,1015.8,
2025-09-25 00:00:00,26.5,23.4,32,3.5,,,13,,1017.6,
2025-09-26 00:00:00,27.3,21,34,0,,,7.2,,1014.4,
2025-09-27 00:00:00,26.3,21.8,32,0.3,,,10.2,,1014.7,
2025-09-28 00:00:00,25.8,20.7,32,0,,,7.8,,1017.4,
2025-09-29 00:00:00,24.8,17.8,32,0,,,6.5,,1018.1,
2025-09-30 00:00:00,25.4,19.1,32,0,,,5.7,,1018,
2025-10-01 00:00:00,25.6,18.2,33,0,,,10.7,,1017.9,
2025-10-02 00:00:00,25.7,18,33,0,,,10.4,,1019.2,
2025-10-03 00:00:00,25.7,18.9,33,0,,,9.1,,1018.6,
2025-10-04 00:00:00,25.3,18.8,31,0.3,,,9.4,,1014.7,
2025-10-05 00:00:00,26.2,20.3,32,0,,,10.5,,1012.3,
2025-10-06 00:00:00,26.8,20.4,33,0,,,11.7,,1013,
2025-10-07 00:00:00,25.9,22,32,4.9,,,11.2,,1015.4,
2025-10-08 00:00:00,23.7,21.1,29,23,,,6.5,,1017,
2025-10-09 00:00:00,23.3,20.1,28,8.8,,,5.5,,1018.7,
2025-10-10 00:00:00,22.4,19.9,26,,,,4.6,,1018.7,
2025-10-11 00:00:00,24.2,20,30,,,,8.8,,1016.5,
2025-10-12 00:00:00,23.3,18,29,0,,,9.7,,1011.6,
2025-10-13 00:00:00,24,19.7,29,0.2,,,9.6,,1013.6,
2025-10-14 00:00:00,24.6,20.7,29,0.3,,,11.1,,1017.6,
2025-10-15 00:00:00,24.5,20.5,29,0.7,,,9.7,,1016.3,
2025-10-16 00:00:00,24.3,20.1,29,0,,,10.5,,1012.2,
2025-10-17 00:00:00,24.3,19.1,30,0,,,8.5,,1011.2,
2025-10-18 00:00:00,25.5,19.5,32,0,,,7.2,,1011.5,
2025-10-19 00:00:00,27,21.6,33,0,,,9.8,,1018.1,
2025-10-20 00:00:00,25.4,19.4,32,0,,,8.1,,1017.8,
2025-10-21 00:00:00,25.9,18.5,34,0,,,7.9,,1017.1,
2025-10-22 00:00:00,24.4,17.8,31,0,,,9.8,,1018.8,
2025-10-23 00:00:00,24,17,30,0,,,10.1,,1017.4,
2025-10-24 00:00:00,24.4,20.3,29,0.1,,,10.2,,1014.4,
2025-10-25 00:00:00,25.4,21,31,0,,,10.8,,1012.8,
2025-10-26 00:00:00,24.9,19.1,31,0,,,7.3,,1014.8,
2025-10-27 00:00:00,25.1,18,31,0,,,9,,1013.4,
2025-10-28 00:00:00,26.6,18.1,37,0,,,11,,1014.1,
2025-10-29 00:00:00,19.5,13,25.6,0,,,14,,1026.5,
2025-10-30 00:00:00,15.5,6.1,23,0,,,7,,1022,
2025-10-31 00:00:00,17.3,8.3,25,0,,,7.7,,1018.2,
2025-11-01 00:00:00,21.7,11.9,33,0,,,9.8,,1015.5,
2025-11-02 00:00:00,19,11.4,26,0,,,10.9,,1024.6,
2025-11-03 00:00:00,17.8,9.7,25,0,,,7.7,,1025.4,
2025-11-04 00:00:00,18.7,10.4,26,0,,,7.3,,1023.8,
2025-11-05 00:00:00,20.3,12,30,0,,,6,,1021.2,
2025-11-06 00:00:00,21.2,10.6,31,0,,,6.8,,1017.4,
2025-11-07 00:00:00,24.2,11.8,37,0,,,10.3,,1011.5,
2025-11-08 00:00:00,23.4,12.2,34,0,,,8.4,,1012,
2025-11-09 00:00:00,19.2,13.2,23,0,,,17,,1023.3,
2025-11-10 00:00:00,15.2,9.4,21,0,,,9.3,,1033.5,
2025-11-11 00:00:00,14.6,4.9,24,0,,,7.5,,1026.2,
2025-11-12 00:00:00,19.5,8.4,30,0,,,8,,1019.9,
2025-11-13 00:00:00,20.3,10.6,30,0,,,8.5,,1020.2,
2025-11-14 00:00:00,20.8,11,29,0,,,8.3,,1018.8,
2025-11-15 00:00:00,21.2,12.6,29,0,,,6.3,,1015.5,
2025-11-16 00:00:00,23.4,14,33,0,,,8.8,,1012.3,
2025-11-17 00:00:00,23.7,15.6,31,0,,,9.8,,1012,
2025-11-18 00:00:00,22.8,15.1,29,0,,,6.8,,1014.8,
2025-11-19 00:00:00,24,19.5,28,0.1,,,8.9,,1017,
2025-11-20 00:00:00,23.7,20.7,28,1.6,,,8,,1014.3,
2025-11-21 00:00:00,24.9,17.2,33,0.2,,,9.4,,1014.4,
2025-11-22 00:00:00,23,17.6,27,1.8,,,6.3,,1018.5,
2025-11-23 00:00:00,23.4,19.8,28,0.3,,,9.7,,1017,
2025-11-24 00:00:00,24.3,18.7,32,0,,,8.5,,1012.6,
2025-11-25 00:00:00,24.2,17.5,29,0.7,,,7.7,,1015.4,
2025-11-26 00:00:00,17.8,15,22,8.9,,,13,,1023.9,
2025-11-27 00:00:00,15.6,14.3,17,0.1,,,6.1,,1027.1,
2025-11-28 00:00:00,17.7,16,19,,,,11.6,,1022.1,
2025-11-29 00:00:00,19.9,16.3,25,,,,7.9,,1015.8,
2025-11-30 00:00:00,15.1,11,19,,,,20,,1019.4,
2025-12-01 00:00:00,13.3,10,16,,,,6.7,,1017.5,
2025-12-02 00:00:00,12.8,10,15,,,,8.8,,1019,
2025-12-03 00:00:00,15.2,9,22,,,,6.4,,1015.8,
2025-12-04 00:00:00,16.1,13,20,,,,21.2,,1019.2,
2025-12-05 00:00:00,15,11,19,,,,8.8,,1018.8,
2025-12-06 00:00:00,18.3,13.5,26,,,,6,,1014.4,
2025-12-07 00:00:00,22.1,14.4,31,,,,13.3,,1016.2,
2025-12-08 00:00:00,15.9,10.4,21,,,,10.1,,1025,
2025-12-09 00:00:00,14,5.4,21,,,,5.2,,1020.7,
2025-12-10 00:00:00,20.4,10.6,32,,,,10.5,,1016.9,
2025-12-11 00:00:00,17,7.7,25,,,,6.8,,1019.3,
2025-12-12 00:00:00,19.6,11.1,30,,,,8.1,,1014.6,
2025-12-13 00:00:00,20.4,12.6,29,,,,7.1,,1017,
2025-12-14 00:00:00,15.4,9,22,,,,16.4,,1025.4,
2025-12-15 00:00:00,10,9,12.8,,,,7.9,,1028.7,
2025-12-16 00:00:00,12.5,10,14,,,,5,,1019,
2025-12-17 00:00:00,15.7,11.3,20,,,,7.2,,1015.2,
2025-12-18 00:00:00,21.4,10.2,33,,,,13.5,,1013.8,
2025-12-19 00:00:00,16.7,11,23,,,,6.6,,1021.4,
2025-12-20 00:00:00,20.3,11.5,32,,,,7.3,,1015.4,
2025-12-21 00:00:00,21.6,12.7,32,,,,6.2,,1017.8,
2025-12-22 00:00:00,19.8,12.8,26,,,,8,,1022.5,
2025-12-23 00:00:00,21,16.6,26,,,,8.2,,1022.9,
2025-12-24 00:00:00,21.2,16.1,26,,,,7.6,,1023.9,
2025-12-25 00:00:00,20.9,15.5,27,,,,5.2,,1021.6,
2025-12-26 00:00:00,21.4,15,29,,,,8.5,,1017.7,
2025-12-27 00:00:00,20.6,13.6,26,,,,7.3,,1013.9,
2025-12-28 00:00:00,21.8,14,29,,,,7.9,,1014.1,
2025-12-29 00:00:00,13.1,10,20,,,,18.6,,1028.8,
2025-12-30 00:00:00,10.9,7.2,16,,,,8.7,,1032.6,
2025-12-31 00:00:00,12,5,20,,,,7,,1025.6,
2026-01-01 00:00:00,16.3,6,27,0,,,6.1,,1019,
2026-01-02 00:00:00,21.8,9.6,33,0,,,9.1,,1013.4,
2026-01-03 00:00:00,21.4,11.3,31,0,,,8.9,,1015.9,
2026-01-04 00:00:00,17.6,7.3,25,0,,,9,,1018.5,
2026-01-05 00:00:00,20.4,10.5,30,0,,,8.4,,1014.2,
2026-01-06 00:00:00,21,14,28,0,,,9,,1015.7,
2026-01-07 00:00:00,20.8,13.5,28,0,,,9.2,,1012.9,
2026-01-08 00:00:00,20.8,13,30,0,,,7,,1008.9,
2026-01-09 00:00:00,21.4,14.7,29,0,,,8.6,,1013.3,
2026-01-10 00:00:00,15,11,19,0,,,19.8,,1028.4,
2026-01-11 00:00:00,7.5,6,9,0.1,,,9.7,,1036.3,
2026-01-12 00:00:00,8.7,4.6,14,2.5,,,7.8,,1031.6,
2026-01-13 00:00:00,10.8,5.9,16,2.5,,,5.6,,1024.5,
2026-01-14 00:00:00,16.9,6.7,25,0,,,16.9,,1022.3,
2026-01-15 00:00:00,13.7,5.8,22,0,,,8.5,,1023.5,
2026-01-16 00:00:00,16.7,6,28,0,,,10.5,,1014.8,
2026-01-17 00:00:00,13.1,10,18,3,,,14.5,,1024,
2026-01-18 00:00:00,9.2,2,17,0,,,6.8,,1028.8,
2026-01-19 00:00:00,11.3,1.9,20,0,,,8.2,,1022.6,
2026-01-20 00:00:00,14.2,8.8,18,0.3,,,6,,1024.3,
2026-01-21 00:00:00,16.6,12.8,22,2.7,,,5.8,,1020.5,
2026-01-22 00:00:00,17.4,11,25,0,,,7.7,,1019.2,
2026-01-23 00:00:00,19.1,13.5,25,0,,,5.9,,1014.7,
2026-01-24 00:00:00,13.9,6,19,0,,,11.4,,1013,
2026-01-25 00:00:00,5.3,2,10.3,0,,,16.3,,1020.4,
2026-01-26 00:00:00,6.2,1,13,0,,,10.5,,1034.3,
2026-01-27 00:00:00,6.2,-1,13,0,,,5.3,,1031.6,
2026-01-28 00:00:00,11.8,2.3,21,0,,,10.1,,1028.7,
2026-01-29 00:00:00,15.2,4.7,25,0,,,6.3,,1020.5,
2026-01-30 00:00:00,13.8,9.3,19,0.1,,,14.3,,1026.8,
2026-01-31 00:00:00,11.1,3.2,19,0,,,10.4,,1030.1,
2026-02-01 00:00:00,11.8,6.5,17,0,,,8.1,,1029.8,
2026-02-02 00:00:00,15.4,6.6,23,0,,,8,,1023.8,
2026-02-03 00:00:00,19.3,9.6,29,0,,,9,,1019.7,
2026-02-04 00:00:00,16.5,13.5,20,0,,,13,,1027.2,
2026-02-05 00:00:00,13.6,6.9,21,0,,,6.4,,1029.6,
2026-02-06 00:00:00,16.4,5.2,27,0,,,7,,1024.4,
2026-02-07 00:00:00,18.3,9,28,0,,,10.4,,1022.6,
2026-02-08 00:00:00,20.1,11,29,0,,,9.7,,1022.3,
2026-02-09 00:00:00,19.5,11,26.3,,,,12.8,,1017.4,
2026-02-10 00:00:00,20.6,14.5,26.9,,,,11.5,,1015.1,
2026-02-11 00:00:00,20.4,11.8,27.2,,,,12.3,,1016.4,
2026-02-12 00:00:00,20.1,13,25.5,,,,12.8,,1015.6,
2026-02-13 00:00:00,21.5,10.8,27,,,,8,,1015.4,
2026-02-14 00:00:00,23,14,33,,,,6.5,,,
2026-02-15 00:00:00,20.5,12.7,27.7,,,,9.3,,1016.8,
2026-02-16 00:00:00,21,11.9,30.1,,,,11.7,,1015.6,
2026-02-17 00:00:00,22.3,14.1,31.6,,,,13.9,,1012.7,
2026-02-18 00:00:00,23.7,16.7,31.2,,,,15.3,,1010.1,
2026-02-19 00:00:00,24.8,18.3,32.2,,,,16.2,,1006.4,
